#{"t_start": 1782798170.0812633, "env_id": "LunarLander-v3"}
r,l,t
-365.385724,123,0.027761
-139.767574,91,0.128968
-214.195727,68,0.194879
-39.253132,100,0.297839
-177.474823,102,0.39151
-413.559948,96,0.468554
-165.601201,85,0.546445
-235.546013,81,0.630667
-130.312559,103,0.714398
-441.487511,88,0.817993
-287.384623,92,0.885305
-174.319677,98,0.963928
-275.871952,112,1.064023
-122.991942,110,1.164289
-101.227219,82,1.222117
-86.956984,88,1.288173
-78.341369,56,1.349904
-305.954097,95,1.424732
-63.99358,60,1.494373
-110.513473,65,1.549988
-300.692978,103,1.649901
-124.454779,72,1.738339
-72.377567,65,1.789896
-179.85616,157,1.932848
-378.696271,111,2.035218
-128.745084,80,2.101139
-158.578882,119,2.226921
-206.605618,74,2.297792
-177.249384,97,2.38586
-193.120645,68,2.456026
-179.337785,73,2.511056
-207.764824,67,2.588564
-275.199722,134,2.71454
-155.557368,98,2.821876
-68.665444,65,2.883726
-137.086901,126,3.029824
-191.828912,114,3.14576
-175.375562,120,3.246243
16.889199,121,3.373818
-170.858214,108,3.493212
-133.90052,90,3.558656
-166.818322,89,3.655442
-198.732203,87,3.714194
-148.532076,120,3.816568
-134.227873,81,3.905122
-284.997454,106,3.994965
-82.215542,110,4.0987
-373.235218,102,4.171567
-180.400098,127,4.294151
-128.383679,80,4.332043
-305.985875,97,4.429092
-369.800717,72,4.484201
-374.634772,93,4.569993
-130.638721,99,4.640068
-269.686035,86,4.729119
-197.779553,84,4.819633
-116.171451,105,4.902835
-316.864917,121,4.995383
-325.688726,72,5.060958
-160.376724,138,5.182499
-112.155857,59,5.239847
-126.104266,68,5.299143
-131.642478,85,5.382784
-24.056571,121,5.482331
-163.636518,101,5.596385
-264.915069,101,5.700859
-386.484527,88,5.770546
-100.448615,61,5.820663
-481.350564,110,5.916081
-135.639492,111,6.000431
-77.517297,71,6.079366
-51.42694,119,6.198427
-104.3585,64,6.249312
-260.589887,182,6.40014
-430.612226,104,6.508078
-127.569617,92,6.579386
-125.198335,79,6.666427
-125.850319,62,6.743859
-92.129218,60,6.809061
-435.278862,94,6.912794
-112.243833,83,7.005373
-162.082462,106,7.112211
-146.044382,102,7.213357
-234.30139,118,7.343776
-67.677639,73,7.41886
-117.827561,61,7.486431
-142.460581,92,7.581307
-111.356149,67,7.653686
-96.329709,79,7.738482
-187.984562,70,7.813537
-227.437657,132,7.930432
-90.099362,92,7.985599
-223.862381,109,8.048626
-334.071306,87,8.09979
-63.041181,87,8.1574
-436.303161,102,8.264383
-135.884483,89,8.355761
-92.364458,72,8.428092
-141.747692,88,8.519467
-73.995439,102,8.623538
-108.091741,77,8.700332
-83.016599,64,8.767018
-179.626024,121,8.89389
-85.374661,85,8.948918
-98.166401,85,9.034032
-200.336119,119,9.150545
-163.152167,105,10.179138
-95.269705,66,10.232044
-211.086713,137,10.384311
-324.215772,95,10.466204
-84.682539,72,10.530464
-270.513905,94,10.597294
-115.831758,67,10.666664
-136.910433,80,10.747481
-104.596796,62,10.813783
-327.382584,110,10.896675
-132.477646,100,10.966711
-315.772031,76,11.039569
-140.571882,105,11.147177
-248.022365,115,11.247093
-115.185195,76,11.316566
-133.179668,107,11.418468
-78.043134,79,11.484021
-290.82373,107,11.583912
-232.029472,79,11.647161
-82.44923,69,11.713885
-200.610036,98,11.813483
-89.029269,98,11.897356
-314.202937,125,12.017356
-247.621346,96,12.080064
-91.575444,75,12.147012
-82.969593,55,12.205857
-89.094697,69,12.280029
-121.277895,71,12.333729
-134.785466,111,12.435743
-193.738644,92,12.506961
-151.182431,68,12.550682
-125.483833,93,12.650886
-148.567245,106,12.743348
-355.293618,92,12.829125
-77.660091,78,12.868892
-315.156549,104,12.980504
-105.832157,113,13.047219
-323.75676,94,13.132519
-139.101074,82,13.197328
-321.101001,97,13.269353
-95.042816,67,13.348639
-27.135303,133,13.469563
30.736962,1000,14.363753
-57.581324,63,14.397132
-226.482893,120,14.510674
-221.122404,99,14.570746
-95.327896,131,14.680417
-305.424706,86,14.770693
-298.806892,89,14.854957
-269.515779,85,14.947106
-75.190589,116,15.023578
-98.463037,64,15.063865
-74.186943,68,15.1265
-105.252965,103,15.21759
-134.287413,125,15.301227
-276.12085,95,15.394118
-100.687884,73,15.480388
-222.957128,114,15.547039
-246.812004,113,15.647155
-134.373752,84,15.734457
-139.911263,86,15.797117
-321.654525,102,15.867373
-79.242135,72,15.936914
-250.017363,119,16.063975
-132.152714,124,16.156878
-115.538724,93,16.249998
-130.723194,65,16.31508
-74.273459,146,16.477518
-367.357487,95,16.530727
-151.236975,72,16.592942
-132.375989,101,16.679446
-433.292613,89,16.775964
-228.47993,95,16.880419
-96.85644,81,16.947078
-105.263752,102,17.030621
-260.419997,110,17.13428
-325.817654,70,17.214329
-203.962268,80,17.280506
-179.719332,123,17.403635
-187.501132,111,17.480421
-182.58244,102,17.582946
-94.655446,71,17.650045
-179.163597,142,17.773338
-295.875054,83,17.850715
-133.684404,75,17.918751
-255.526582,58,17.975159
-152.467644,99,18.049385
-114.543087,80,18.130499
-138.359128,121,18.230853
-322.172453,145,18.364178
-182.388927,90,18.430086
-11.319355,108,18.497126
-118.271894,95,18.598533
-192.166753,118,18.705499
-157.793842,72,18.754079
-81.55733,90,18.830598
-81.990633,101,18.899706
-152.034712,84,20.504238
-99.16269,70,20.584031
-81.828847,122,20.716401
-222.827343,99,20.828941
-191.676153,114,20.947695
-122.32179,98,21.061697
-239.057142,135,21.210499
-312.11376,72,21.28906
-240.750897,109,21.405605
-276.657225,101,21.515404
-106.421358,112,21.65683
-105.804312,74,21.739592
-226.534303,90,21.843541
-126.511579,112,21.972652
-96.804834,81,22.06537
-99.428236,126,22.19845
-105.807574,66,22.272976
-114.300752,101,22.380022
-139.313698,95,22.476813
-203.783216,98,22.556342
-110.990344,98,22.675663
-130.046634,102,22.790972
-83.465765,83,22.896791
-85.978289,76,22.982676
-152.339145,61,23.033802
-261.857442,83,23.11653
-134.183443,74,23.194583
-411.22868,134,23.345639
-222.419257,72,23.424752
-129.184756,119,23.55995
-147.258406,92,23.668203
-96.128304,129,23.813697
-131.369511,72,23.901956
-409.412046,94,24.001564
-96.461628,83,24.080317
-123.831503,69,24.165341
-316.030549,87,24.256605
-367.983574,103,24.330551
-150.809469,72,24.39479
-100.958732,120,24.531205
-129.360272,103,24.646669
-320.045117,116,24.772821
-151.205186,132,24.913889
-74.250099,69,24.985597
-315.141518,114,25.062274
-180.982612,110,25.134847
-107.726411,86,25.190442
-74.094797,67,25.236408
-351.998847,103,25.301208
-75.92774,71,25.33045
-125.421173,92,25.400258
-87.786759,78,25.451263
-126.376956,126,25.549415
-471.214557,106,25.647468
-73.983495,103,25.763962
-169.749532,99,25.863832
-449.889152,104,25.997311
-257.375603,95,26.109701
-127.655289,119,26.215492
-81.742444,64,26.267835
-407.568619,102,26.347119
-321.63955,125,26.449805
-386.598197,121,26.597353
-138.381635,76,26.683075
-163.300314,69,26.765423
-76.585847,142,26.923917
-173.360468,122,27.076111
-91.53277,79,27.173138
-35.327731,109,27.290153
-119.690731,73,27.388175
-115.030474,94,27.500794
-93.907025,65,27.553206
-142.451564,64,27.60702
-367.67075,99,27.727543
-124.792916,86,27.835464
-141.601821,139,28.001143
-43.563303,77,28.09871
-107.380318,58,28.164453
-118.336864,78,28.235056
-157.38114,99,28.342808
-282.784075,95,28.432752
-69.684003,124,28.590802
-252.2371,92,28.707563
-15.944842,120,28.858692
-88.945702,57,28.923582
-68.532792,73,29.009546
-74.74459,86,29.119456
-102.757034,81,29.216421
-71.24155,97,29.336109
-125.401002,76,29.434118
-248.14169,103,29.556998
-62.426853,94,29.661566
-336.974725,86,29.770259
-91.797042,113,29.908172
-107.808743,79,30.00787
-205.801867,82,30.109567
-295.532179,84,30.215305
-118.804912,85,30.325071
-182.170399,83,30.440349
-288.676276,151,30.592746
-86.614186,70,30.680895
-227.689321,88,30.785043
-173.06839,127,30.94281
-146.627476,85,31.039808
-433.034157,72,31.113616
-155.524782,115,31.255574
-128.015455,104,33.086159
-229.156439,84,33.184055
-82.339375,107,33.290543
-135.440798,96,33.397324
-111.81123,114,33.505716
-188.901775,106,33.616264
-111.641835,63,33.701785
-108.964394,113,33.849796
-176.862376,97,33.966466
-106.406015,81,34.055635
-204.387718,84,34.154988
-94.610596,64,34.232474
-173.766537,132,34.400379
-117.699991,119,34.54003
-104.321721,67,34.623006
-146.678518,56,34.694064
-143.618867,125,34.835126
-151.565052,97,34.942929
-85.707442,58,35.010385
-57.101566,62,35.083359
-209.047153,103,35.205919
-69.391025,129,35.348447
-115.367312,150,35.515442
-57.669515,69,35.592318
-240.186984,87,35.668904
-118.998023,115,35.749513
-173.784284,106,35.854824
-127.331977,72,35.93069
-124.166258,73,36.018183
-403.617002,102,36.126605
-119.89045,84,36.22074
-93.423973,76,36.307503
-103.515629,74,36.387949
-87.873818,62,36.454884
-251.224942,82,36.545986
-71.788872,74,36.630527
-122.782651,84,36.725597
-65.184926,69,36.794814
-120.358335,140,36.907708
-80.495498,85,36.980511
-99.627531,112,37.097244
-213.328534,92,37.190536
-184.274726,82,37.287242
-97.869073,84,37.383238
-163.746609,117,37.509335
-88.252927,59,37.574314
-93.157696,67,37.647357
-474.49905,103,37.760541
-60.104246,83,37.819491
-6.406431,68,37.88792
-337.947454,137,38.041615
-108.998929,87,38.137258
-113.417144,159,38.315588
-106.355722,97,38.421004
10.972671,83,38.517284
-159.939728,71,38.59095
-126.482203,59,38.660572
-148.304845,88,38.757266
-122.60844,82,38.852934
-195.608454,126,38.990711
-95.556188,90,39.095432
-100.667472,66,39.167017
-140.788545,123,39.305119
-67.429554,94,39.405181
-120.127305,57,39.470995
-131.243403,113,39.594988
-203.250491,87,39.692915
-134.709577,114,39.801017
-208.566751,109,39.889223
-291.787621,121,40.020941
-122.755822,71,40.104918
-41.866928,108,40.227069
-96.53884,66,40.316976
-285.427547,130,40.470886
-219.97214,89,40.570897
-131.721633,117,40.705969
-122.750629,88,40.808765
-165.320653,100,40.922732
-327.189056,99,41.035013
-205.304844,132,41.180284
-94.602904,82,41.264509
-128.44466,71,41.343608
-98.643677,77,41.431166
-118.794799,65,41.501794
-97.011015,74,41.580762
-126.007141,80,41.665482
-106.203536,102,41.749159
-178.105081,90,41.850773
-123.048809,101,41.956905
-106.922527,70,42.010043
-393.895815,82,42.102095
-97.348136,76,42.185996
-33.883759,121,42.318835
-135.065796,118,42.458967
-130.865147,63,42.535168
-236.710226,112,42.663497
-108.958624,83,42.754839
-92.574538,111,42.880844
-170.615477,67,42.955914
-142.939564,123,43.087422
-270.276512,92,43.206038
-181.076632,96,43.314551
-82.360719,71,43.392292
-118.168913,82,43.484585
-254.557065,109,43.600668
-177.969957,129,43.745713
-155.160583,129,43.894718
-211.597579,113,45.02447
-108.987145,122,45.15222
-238.148967,87,45.223102
-127.857222,71,45.273354
-111.894736,99,45.337939
-132.869412,106,45.439155
-103.516456,128,45.578027
-123.040842,83,45.641712
-96.951291,70,45.697293
-60.082433,64,45.766998
-90.435312,102,45.89062
-80.44909,91,45.991452
-240.010131,68,46.061985
-140.97899,77,46.145408
-60.49315,76,46.244737
-117.267379,116,46.379564
-70.212941,62,46.447401
-136.261984,75,46.530233
-106.424658,128,46.667242
-313.099375,140,46.797253
-131.118609,105,46.882378
-78.787016,115,47.009238
-335.114097,137,47.161933
-108.42232,92,47.26366
-217.081569,100,47.374788
-4.911793,65,47.448553
-273.811451,149,47.575142
-76.767923,107,47.695934
-118.720876,73,47.765691
-106.171387,134,47.916558
-47.200014,71,48.010824
-106.02078,94,48.115618
-159.038912,112,48.247402
-97.107581,62,48.316555
-347.990742,111,48.39755
-156.787685,118,48.513539
-99.790344,86,48.600884
-122.30386,83,48.65758
-337.748267,92,48.743458
-152.068335,100,48.855402
-67.148382,76,48.93089
-156.407262,88,49.032449
-71.882325,70,49.105885
-69.689446,116,49.235402
-98.34716,84,49.326577
-152.84971,104,49.430648
-103.224295,113,49.546206
-220.660721,71,49.580628
-173.534493,135,49.743774
-80.848689,68,49.81939
-348.345728,89,49.918313
-163.416507,97,50.014032
-98.36422,64,50.087982
-370.318454,126,50.215566
-38.686,69,50.297481
-94.142294,62,50.376788
-168.942733,77,50.447348
-174.942073,97,50.559718
-153.775156,77,50.643258
-84.045444,64,50.711866
-234.368767,109,50.826522
-153.73238,101,50.89299
-22.583585,118,51.014555
-112.296523,86,51.098902
-132.330353,87,51.199761
-100.809311,120,51.330791
-86.867479,71,51.397543
-106.925039,78,51.494207
-138.991372,90,51.591861
-236.214242,111,51.715138
-123.867233,93,51.815933
-53.984817,67,51.893137
-99.329038,110,52.015586
-120.946984,85,52.105488
-127.89226,57,52.147549
-230.36391,118,52.284674
-119.95117,98,52.380654
-81.776519,64,52.460297
-131.033471,115,52.597943
-69.881614,85,52.69494
-95.160484,80,52.782934
-105.166057,115,52.912489
-117.189174,118,53.03324
-57.140201,74,53.130157
-165.961505,122,53.247428
-139.906554,99,53.365584
-24.262949,129,53.513981
-77.19467,81,53.606999
-154.520476,100,53.712884
-139.802462,95,53.794912
-104.344765,96,53.897529
-168.43593,69,53.970362
-125.522822,104,54.095505
-160.541906,81,54.163039
-71.181986,70,54.228355
-107.444746,94,54.32909
-248.433839,102,54.433499
-72.515912,74,54.517591
-126.648063,57,54.565715
-92.252908,74,54.649606
-153.39035,113,54.780806
-89.104241,66,54.847288
-107.183956,82,54.935519
-265.037118,102,55.047461
-73.186263,84,55.142309
-136.848371,84,55.235356
-163.043092,105,55.34992
-106.327198,91,57.006348
-150.879463,67,57.051929
-80.104009,65,57.099458
-110.686057,66,57.130754
-188.462331,120,57.226502
-73.966211,110,57.303653
-99.476942,70,57.352572
-166.563059,152,57.502664
-94.971193,104,57.605608
-172.942817,71,57.684565
-154.152405,145,57.846132
-132.015918,122,57.978531
-131.361902,99,58.091504
-104.938593,115,58.217115
-235.486459,90,58.333692
-87.483195,75,58.399899
-162.764502,98,58.480718
-123.378121,81,58.566659
-222.601349,141,58.730733
-103.367359,105,58.846957
-150.48326,94,58.950823
-114.772062,127,59.097025
-121.305673,80,59.148944
-78.118491,71,59.200531
-202.366012,86,59.299496
-64.044749,82,59.393177
-137.899216,109,59.516286
-61.200431,115,59.632408
-78.548979,69,59.722234
-90.219516,105,59.836864
-115.200794,77,59.921583
-111.193815,61,59.982439
-91.917689,88,60.083397
-115.738563,129,60.229776
-160.641433,88,60.315631
-218.190983,129,60.427134
-97.981349,88,60.514099
-70.363256,93,60.628561
-138.767357,99,60.699405
-152.099564,93,60.77456
-163.517563,112,60.887781
-66.085409,74,60.970994
-194.368463,103,61.083384
-126.997609,88,61.180329
-117.229316,75,61.249032
-197.87931,110,61.327671
-378.932796,112,61.402355
-95.124652,139,61.493322
-166.299319,111,61.595035
-1.572316,131,61.74697
-123.906814,144,61.90345
-113.502758,75,61.9808
-147.808138,72,62.0338
-88.508787,105,62.165759
-127.76328,116,62.285674
-91.446281,76,62.380868
-114.823871,93,62.483962
-229.856855,112,62.589156
-81.899488,96,62.687571
-87.113578,121,62.770421
-119.180214,72,62.81601
-93.591799,107,62.909971
-126.446777,95,63.016746
-61.133343,120,63.151312
-148.941714,92,63.249637
-67.012534,73,63.331371
-39.538782,70,63.401642
-167.493001,65,63.480589
-147.021552,66,63.554641
-59.675842,70,63.60952
-123.870612,102,63.707316
-88.969739,65,63.769334
-106.876583,103,63.8658
-74.873078,81,63.968034
-123.30164,98,64.077896
-73.591811,67,64.15197
-74.377005,107,64.267779
-58.407493,76,64.353555
-136.739996,116,64.484447
-134.271535,82,64.574943
-353.213891,96,64.680388
-108.850171,79,64.766682
-76.115647,86,64.834958
-211.333653,91,64.898214
-187.155063,68,64.94743
-297.398476,88,65.04418
-187.124326,72,65.121809
-165.728599,113,65.241444
-300.157199,93,65.347589
-102.38472,102,65.455847
-46.610494,104,65.566117
-142.478103,84,65.663713
-150.553093,94,65.765776
-71.790605,111,65.8832
-184.689164,81,65.985501
-98.027413,110,66.09905
-187.359027,122,66.200293
-77.343128,115,66.316721
-150.76766,112,66.463216
-120.9228,98,66.576642
-205.132859,123,66.714856
-108.068752,113,66.838713
-117.998432,74,66.914738
-129.238068,116,67.028055
-83.860286,115,68.60157
-84.550508,73,68.684645
-112.861745,91,68.765835
-95.673017,92,68.83568
-125.810656,116,68.963823
-126.853085,100,69.067145
-112.306135,77,69.164333
-129.833467,73,69.250604
-185.389508,82,69.34248
-42.49354,71,69.422008
-60.368777,76,69.499722
-87.67514,101,69.610325
-110.21416,104,69.725991
-78.504107,64,69.797634
-117.437729,58,69.866412
-151.262033,118,69.947693
-121.987476,94,70.017
-22.961547,96,70.107824
-139.845647,97,70.181101
-93.428584,69,70.24329
-132.093116,82,70.302346
-196.630854,98,70.366154
-55.432994,127,70.497536
-97.808116,98,70.597547
-129.673422,104,70.720183
-80.477866,84,70.798209
-107.989024,80,70.854085
-165.533772,97,70.929288
-124.028845,100,71.037759
-141.731356,104,71.158352
-73.262708,68,71.23639
-120.227869,89,71.331132
-108.703688,84,71.416404
-110.951593,108,71.535797
-242.29264,65,71.599779
-124.166457,82,71.697791
-115.649967,107,71.80115
-146.120848,101,71.909228
-116.644281,68,71.947561
-94.835833,64,72.000207
-109.845463,77,72.053639
-216.663527,105,72.123128
-96.961965,104,72.197168
-80.020406,116,72.266672
-92.599352,83,72.331078
-85.663802,128,72.417666
-312.244212,96,72.484143
-86.445386,66,72.539055
-71.619122,143,72.697626
-75.962344,102,72.77594
-267.151156,88,72.864223
-98.884499,63,72.93066
-101.75291,101,73.055392
-112.626124,75,73.137007
-108.569064,103,73.253445
-208.52977,86,73.353728
-28.624131,130,73.464377
-90.880553,88,73.555433
-79.390955,78,73.640257
-106.162993,78,73.73105
-161.548702,109,73.849134
-150.479712,116,73.981149
-388.560504,110,74.106367
-94.563965,71,74.180694
-156.47149,120,74.322241
-113.14914,128,74.468693
-143.731455,112,74.592427
-131.269848,109,74.697972
-141.090808,73,74.74763
-3.505392,81,74.802095
-152.501396,80,74.885721
-146.91118,61,74.94776
-101.157321,65,75.016681
-64.910626,75,75.099382
-114.719029,81,75.199702
-106.446089,86,75.292883
-117.341729,124,75.430895
-97.020797,72,75.510254
-123.628432,94,75.616568
-52.035303,84,75.71002
-70.113658,78,75.783125
-77.063723,138,75.95125
-69.595167,60,76.01751
-154.012743,79,76.097751
-102.294494,119,76.205668
-124.436544,96,76.267258
-84.105067,78,76.332513
-70.924671,100,76.404454
-72.240066,79,76.451205
-110.254616,118,76.531278
-95.776488,113,76.664016
-110.050398,78,76.751767
-111.631718,91,76.852055
-90.867758,66,76.914462
-34.329769,95,77.031303
-140.364816,96,77.133646
-134.070103,116,77.266778
-335.281884,908,78.237109
-95.766597,86,78.322931
-119.402739,104,78.431477
-106.876674,86,79.397659
-75.454325,79,79.488452
-0.265782,117,79.616787
-167.753346,102,79.733923
-72.381645,125,79.881105
-129.595281,109,79.997749
-67.9967,124,80.145569
-99.047662,80,80.231223
-103.329438,80,80.326326
-125.394889,84,80.416397
-107.532347,95,80.524983
-217.603947,103,80.651903
-76.955183,77,80.751736
-130.909099,111,80.880558
-118.120251,74,80.965892
-60.359597,72,81.038351
-81.563739,84,81.133969
-79.560158,66,81.197812
-119.959377,60,81.265899
-248.125556,110,81.390099
-113.631307,84,81.481165
-103.996045,66,81.552907
-139.717724,92,81.654661
-127.672432,98,81.767632
-125.843031,106,81.883586
-88.615404,81,81.966043
-79.567324,68,82.047847
-89.196861,62,82.12119
-21.01253,70,82.197769
-281.204732,77,82.285516
-65.435553,124,82.428013
-141.254344,93,82.531332
-207.729903,130,82.668607
-79.210502,129,82.75694
-189.668704,112,82.853925
-168.91387,114,82.963919
-126.001857,91,83.057379
-110.769486,117,83.185864
-110.665395,93,83.293821
-76.97432,64,83.365341
-101.181115,83,83.423567
-123.737737,103,83.498749
-177.129045,115,83.61603
-230.501873,89,83.73175
-120.367282,114,83.859456
-100.295205,84,83.953487
-139.601711,61,84.000138
-110.831662,100,84.085164
-154.112336,99,84.187333
-156.785033,114,84.281046
-108.786159,85,84.374965
-125.575532,62,84.445971
-126.34692,110,84.531282
-122.448489,134,84.681129
-120.1667,92,84.790908
-23.075088,112,84.915457
-169.612595,117,85.020077
-24.08158,84,85.066256
-227.859688,73,85.142933
-78.718915,62,85.19803
-117.993677,123,85.320925
0.48103,73,85.367056
-118.139329,94,85.431007
-107.885163,81,85.481375
-32.270907,117,85.584696
-114.688924,121,85.716812
-165.238843,119,85.863718
-131.176422,115,85.993392
-108.324385,84,86.089576
-198.932502,94,86.181176
-87.022691,102,86.289792
-463.471009,116,86.424912
-104.220493,66,86.498064
-143.377586,105,86.613963
-181.88777,130,86.749692
-46.207157,82,86.842038
-129.396034,97,86.954262
-65.917482,67,87.014535
-113.333971,68,87.09778
-100.94408,95,87.184403
-90.259919,71,87.247498
-127.560846,82,87.333146
-110.106704,114,87.464716
16.636662,84,87.5499
-99.894762,71,87.644749
-105.699643,90,87.732713
-84.874617,118,87.881092
-77.532862,68,87.958386
-83.321892,85,88.047855
-71.825845,122,88.190146
-19.457673,113,88.317179
-127.371134,103,88.434169
-47.708176,70,88.514811
-103.579958,65,88.586721
-86.234516,75,88.666638
-57.458157,71,88.751206
-143.484313,137,88.932518
-212.781423,110,89.066619
-104.500851,99,89.184646
-138.638534,61,89.247988
-88.578552,108,89.376871
-109.823565,84,89.44781
-156.784232,106,89.566251
-112.625687,70,89.601098
-144.280343,81,89.672446
-69.352952,68,89.750156
-109.669373,88,89.867296
-94.22204,94,90.53877
-72.468963,85,90.62149
-106.654264,91,90.697785
-108.739753,91,90.818045
-94.34136,78,90.898081
-42.090981,71,90.987137
-73.209606,77,91.077521
-117.433153,112,91.200715
-72.227758,63,91.271374
-130.779501,104,91.394166
-152.984746,83,91.493998
-117.880607,87,91.591708
-121.872821,110,91.715034
-57.542948,74,91.797949
-109.757294,105,91.915149
-105.931034,112,92.014005
-85.377037,72,92.097923
-99.236013,110,92.223118
-91.851176,72,92.305352
-112.307924,92,92.397894
-148.486972,120,92.531199
-91.197938,122,92.681296
-42.219605,141,92.84253
-113.239816,107,92.96907
-133.244394,81,93.058039
-24.024764,129,93.204007
-48.039115,92,93.297814
-83.30567,79,93.398142
-51.059774,82,93.48737
-134.097424,78,93.574172
-84.976579,134,93.731187
-75.235185,72,93.815046
-226.826419,95,93.921026
-87.714191,78,93.997847
-78.428983,86,94.110585
-148.006269,108,94.201551
-22.366076,80,94.264607
-133.990924,93,94.34804
-95.157145,94,94.456622
-99.538198,104,94.575968
-103.305533,102,94.693717
-100.403771,71,94.765015
-136.725598,84,94.866325
-137.813349,97,94.981406
-154.958436,74,95.031331
-262.597094,88,95.109513
-106.143421,74,95.183011
-101.427057,69,95.266192
-65.090526,102,95.376064
-151.397435,81,95.474241
-92.388951,88,95.551
-63.162582,102,95.647917
-74.06574,84,95.743639
-84.485502,81,95.837739
-140.919233,117,95.943049
-121.499373,137,96.081433
-154.066319,108,96.213608
-132.139529,99,96.316789
-89.186775,72,96.400289
-179.19925,72,96.487119
-109.458378,144,96.645932
-6.096567,98,96.735789
-112.63487,104,96.831463
-128.918265,68,96.916468
-44.223033,81,97.01708
-108.037436,82,97.110639
-59.029187,86,97.198416
-90.53377,82,97.265277
-138.001684,98,97.364683
-144.704779,85,97.464682
-94.853441,103,97.566657
-98.897128,72,97.658889
-190.573611,82,97.748192
-88.145979,104,97.876484
-145.252494,97,97.988384
-90.085592,74,98.066966
-116.713019,94,98.181339
-46.24185,107,98.298184
-100.568039,61,98.370146
-144.592294,106,98.466857
-65.899555,70,98.516533
-133.615399,68,98.566628
-149.266895,82,98.625553
-88.63258,70,98.668728
-86.354488,101,98.765179
-124.014534,94,98.866371
-101.369972,126,98.978641
-61.448933,82,99.037905
-103.952286,105,99.116838
-268.687857,90,99.227718
-122.435822,114,99.356529
-85.391101,86,99.448207
-120.506144,114,99.583523
-67.199152,135,99.734903
-87.241871,130,99.883795
-84.389809,130,100.030148
-106.679439,110,100.152635
-127.761687,156,100.306584
-111.559412,97,100.41866
-141.557297,112,100.545811
-2.026577,72,100.628022
-92.595308,74,100.709891
-112.705113,106,100.832028
-103.810172,74,100.916515
-133.049674,72,100.99284
-97.433424,135,101.098062
-59.297513,75,101.167163
-134.34462,88,101.789208
-117.268519,120,101.904066
-61.633123,106,101.989587
-140.994511,107,102.098524
-374.108532,95,102.212845
-85.799936,77,102.297898
-56.822896,70,102.364635
-125.638077,98,102.481435
-95.450793,88,102.560546
-93.053096,91,102.639922
-76.994715,104,102.714606
-75.064037,74,102.791029
-124.936289,127,102.941638
-74.874481,121,103.099679
-103.566165,74,103.187059
-91.53276,82,103.267026
-80.173729,82,103.366562
-273.510033,96,103.48094
-82.944477,128,103.629873
-66.067732,133,103.781456
-213.781219,138,103.931529
-221.416573,169,104.13291
-128.439216,101,104.248054
-72.162759,81,104.324467
-47.331602,62,104.388093
-77.780952,95,104.448203
-143.985378,121,104.557061
-277.235803,110,104.648039
-79.583157,125,104.748526
-88.698013,118,104.83162
-38.55501,101,104.917233
-95.058324,85,104.967534
-120.881925,87,105.042341
-105.147863,77,105.098336
-123.245718,70,105.167066
-62.35383,76,105.253577
-92.061219,74,105.345448
1.326154,100,105.453741
-113.101054,116,105.586919
-76.583179,79,105.683136
-99.377806,90,105.762122
-138.127755,116,105.850625
-72.606362,83,105.928499
-25.17273,93,106.040586
-80.390546,90,106.144284
-82.945355,91,106.2405
-64.587589,99,106.341179
-65.263943,69,106.400878
-167.812927,105,106.467022
-105.674041,110,106.583582
-201.178497,99,106.700296
-13.724752,114,106.838089
-210.150268,120,106.966665
-61.778673,130,107.125469
-95.810599,72,107.204219
-119.561668,112,107.334946
-117.457447,110,107.464236
-88.832275,73,107.549807
-116.372457,100,107.626834
-128.185765,102,107.703735
-24.858822,152,107.865263
-125.171266,104,107.970514
-112.274354,97,108.053599
-136.993741,104,108.174131
-90.665347,96,108.264983
-63.425491,91,108.365029
-147.045234,117,108.500324
-91.818614,60,108.564738
-71.515348,77,108.648276
-49.393846,83,108.734496
-96.77992,137,108.898137
-90.687016,122,109.03914
-73.354202,72,109.122006
-92.99841,96,109.223852
-72.725891,62,109.290973
-75.803415,105,109.403097
-85.252508,71,109.485375
-123.769855,94,109.605198
-95.237458,79,109.681347
-132.395349,114,109.815782
-124.692987,115,109.948112
-55.16358,98,110.051167
-88.656445,84,110.151874
-98.368939,121,110.292762
-55.069506,69,110.368032
-153.12465,132,110.530935
-95.140581,118,110.664745
-104.657395,110,110.784465
-152.650755,95,110.907308
-91.804562,120,111.050947
-90.425163,64,111.131976
-71.559749,82,111.2559
-52.36279,118,111.404214
-155.804521,127,111.564133
-48.41897,65,111.640294
-117.946154,105,111.770679
-112.030556,88,111.870279
-84.362825,73,111.961251
-169.963847,74,112.004265
-73.223298,116,112.087
-101.742185,75,112.174002
-99.002365,114,113.269254
-82.752351,101,113.350762
-88.935375,81,113.416091
-157.925652,103,113.541578
-142.50215,95,113.654946
-68.289104,122,113.798618
-121.827495,114,113.924247
-123.448033,108,114.051327
-123.823474,96,114.118417
-165.255596,57,114.182703
-52.992222,80,114.283819
-177.705914,110,114.40888
-175.256977,112,114.525129
107.870997,1000,115.705369
-120.828059,94,115.820966
-173.464237,116,115.961459
0.60314,135,116.126208
-127.763873,103,116.244638
-111.684253,76,116.30006
-128.59917,108,116.399776
-210.116543,125,116.524875
-74.880312,77,116.584285
-64.827199,83,116.684979
-93.86225,118,116.800695
-117.730104,80,116.896831
-60.707425,109,117.014899
-215.447183,114,117.154439
-90.886915,120,117.304842
-113.130642,92,117.414432
-92.570057,90,117.519548
-111.790726,98,117.637535
-60.954004,73,117.72844
-83.546423,66,117.803573
-86.893509,78,117.896546
-98.89484,88,117.984063
-75.692489,67,118.054802
-103.117272,125,118.209872
-62.690835,105,118.334043
-70.824337,77,118.420522
-105.494404,82,118.515319
-55.853275,106,118.644517
-66.331376,96,118.757504
-72.977575,88,118.85953
-137.690995,95,118.96689
-104.650755,144,119.131607
-107.467554,120,119.264692
-132.398416,98,119.37739
-87.867825,86,119.476226
-112.294055,83,119.579299
-50.432292,116,119.723742
-109.644501,105,119.866424
-92.67163,124,120.017007
-133.261299,119,120.164518
-87.60038,121,120.313559
-219.027749,138,120.484032
-172.347702,127,120.622416
-157.876699,90,120.684634
-60.56901,141,120.861931
-113.207463,78,120.954446
-89.119254,73,121.041604
-141.340373,83,121.137066
6.24775,160,121.312409
-124.112804,128,121.399736
-80.15614,115,121.523208
-72.084633,84,121.62257
-48.785474,81,121.720234
-41.21287,73,121.800704
-245.316204,145,121.967232
-47.156676,86,122.071833
-63.274179,89,122.153293
-39.051415,77,122.237113
-121.133659,101,122.353731
-101.462307,76,122.443087
-138.229282,111,122.569849
-105.469511,91,122.669629
-153.233522,113,122.814373
-168.429806,107,122.934201
-125.476974,144,123.098531
-119.122479,124,123.245403
-239.197177,101,123.350757
-185.769834,180,123.569298
-66.951539,70,123.651769
-70.066647,117,123.784204
-94.671775,75,123.883083
-119.260844,105,124.00618
-97.760135,106,124.132071
-101.630654,113,124.254316
-294.245652,83,124.36259
-67.752616,124,124.503759
-127.336323,125,126.207387
-37.130972,105,126.322843
-41.580182,67,126.404899
-74.825124,147,126.571107
-73.188508,91,126.678371
-36.424691,67,126.754795
-69.358384,73,126.84282
-165.038905,105,126.969446
-88.360435,87,127.048738
-94.362788,103,127.137202
-227.428185,126,127.2872
-120.442831,118,127.420676
-100.003267,72,127.49128
-150.255685,128,127.651958
-80.726228,76,127.73767
-90.925601,112,127.877658
-198.770717,81,127.970595
-47.168084,115,128.107198
-131.895631,107,128.233283
-125.662079,122,128.372454
-81.26895,67,128.452872
-106.938911,114,128.588163
-37.188225,77,128.683077
-27.692718,81,128.770873
-99.005044,95,128.877631
-68.021976,87,128.965081
-88.554069,73,129.063176
-150.837478,150,129.23528
-117.575666,104,129.331779
-65.358207,74,129.388592
-89.066703,110,129.464458
-23.773269,116,129.568826
-93.716123,64,129.624636
-116.794699,73,129.680544
-36.452791,81,129.749336
-114.902526,87,129.828303
-71.105426,83,129.886991
-129.09541,119,129.969911
-97.710901,125,130.054812
-126.767218,124,130.139807
-111.511986,140,130.248423
-129.672477,89,130.352408
-86.418407,94,130.425893
-176.719877,116,130.558808
-84.440716,87,130.651316
-62.215959,115,130.781551
-87.334036,68,130.8646
-128.210647,126,131.014638
-139.87984,130,131.164875
-65.626764,105,131.267612
-230.160625,102,131.392736
-58.369962,78,131.494005
-99.928492,103,131.620538
-113.855758,86,131.718687
-125.654228,113,131.84909
-105.141494,89,131.952832
-90.062664,80,132.040164
-137.805836,90,132.131159
-61.863553,103,132.214066
-107.280184,133,132.298249
-58.321328,121,132.434004
-95.456927,95,132.533844
-59.290608,111,132.6678
-203.565378,128,132.810185
-68.433941,97,132.922965
-69.321833,67,132.972717
-76.878141,69,133.014976
-98.029869,110,133.137804
-72.188251,121,133.26486
-104.776869,113,133.398256
-194.435702,100,133.522816
-91.407934,116,133.633441
-77.54897,82,133.698493
-90.783112,73,133.781627
-110.871542,115,133.917394
-61.258711,103,134.031888
-30.743365,118,134.168124
-68.516197,96,134.289637
-78.454027,71,134.368144
-93.130061,93,134.479853
-110.333758,76,134.564644
-79.291961,126,134.705182
-88.839107,146,134.865211
-126.29665,74,134.956503
-74.4808,125,135.099909
-112.736681,101,135.217784
-95.72904,109,135.34529
-60.933477,81,135.439672
-148.084967,96,135.547238
-103.208732,132,135.697887
-66.723941,78,135.784407
-139.465132,138,135.951484
-54.21464,126,136.101045
-57.544858,147,136.267254
-94.646822,66,136.348006
-42.270363,128,136.484487
-98.297899,85,136.567284
-80.074899,115,136.701421
-67.151832,128,136.866822
-130.358292,96,138.448979
-43.979147,87,138.55111
-120.601938,104,138.682227
-70.410744,69,138.748341
-44.851008,140,138.923627
-70.068009,91,139.030614
-84.605853,79,139.122605
-129.661928,126,139.26733
-48.476808,72,139.347924
-126.805434,68,139.417477
-66.026495,68,139.490617
-71.575827,76,139.5466
-50.535029,63,139.592321
-32.008117,94,139.663876
-109.450588,104,139.781883
-109.3932,134,139.894311
-122.877444,88,139.967461
-48.037978,79,140.048382
-83.992641,93,140.167655
24.399625,83,140.269686
-106.341518,80,140.368981
-74.515142,73,140.467471
-129.584211,77,140.566471
-108.726622,85,140.668398
-82.742269,99,140.78502
-100.334346,128,140.939786
-83.176108,95,141.051686
-153.065697,88,141.156485
-109.327242,126,141.301709
-114.55314,116,141.447386
-127.897626,139,141.598601
-69.374679,68,141.698968
-67.48483,99,141.800949
-20.889195,108,141.933657
-65.206958,69,142.017006
-98.474585,95,142.124977
-142.698771,105,142.246917
-111.90038,126,142.392325
-103.115864,124,142.541642
-56.449402,81,142.637728
-138.731535,53,142.702208
-111.421881,138,142.853996
-136.815688,129,143.018901
-119.390164,110,143.145205
-119.465412,118,143.287806
-59.306454,69,143.372607
-119.325847,123,143.501787
-90.010461,135,143.667753
-60.370818,91,143.748966
-68.763533,99,143.867712
-60.356366,80,143.954499
-74.165304,66,144.043901
-115.046537,103,144.164709
-54.062143,75,144.254098
-111.396728,75,144.344656
-57.485373,143,144.514623
-55.65288,123,144.659356
-55.870388,130,144.768407
-86.042497,78,144.831074
-60.865762,86,144.917528
-119.631919,125,145.068187
-91.803494,78,145.137381
-90.770468,76,145.240342
-124.237855,109,145.370711
-82.036054,153,145.522757
-113.472453,94,145.603048
-81.450077,136,145.762002
-57.895733,88,145.87013
-104.42844,114,146.000391
-102.934614,112,146.135021
-81.648111,114,146.270569
-95.750967,106,146.39203
-83.910689,120,146.520993
-159.409243,132,146.670681
-135.568775,81,146.772199
-65.905512,78,146.865097
-54.491479,114,146.995461
-73.624976,131,147.148396
-101.080866,99,147.265191
-93.669984,117,147.400708
-62.76167,77,147.481965
-220.452498,110,147.614776
-67.80529,74,147.698797
-83.328728,95,147.798754
-101.498328,114,147.964006
-14.731662,98,148.076221
-134.521742,121,148.198606
-76.237634,117,148.331903
-114.560942,85,148.424452
-128.26022,117,148.549866
-156.057876,83,148.616041
-89.413591,72,148.667971
-60.111951,124,148.765369
-111.504409,114,148.886069
-77.930926,79,148.954627
-118.731402,96,149.037855
-58.405561,79,149.132398
-80.241822,79,149.223099
-44.675421,112,149.355124
-103.811188,133,149.481428
-89.361514,126,151.099036
-80.868228,106,151.214871
-121.437984,78,151.313367
-181.669822,100,151.437424
-75.864913,94,151.55417
-250.690761,107,151.670901
-125.831988,87,151.765111
-189.707917,122,151.918188
-89.21854,73,152.006917
-71.116756,98,152.098535
-102.785527,92,152.181909
-99.26895,126,152.265475
-89.208475,63,152.315301
-98.929097,122,152.431855
-35.84439,74,152.520131
-80.695849,119,152.66038
-138.099094,108,152.785278
-79.332516,85,152.885065
-93.233158,90,152.982125
-86.06875,67,153.062268
-82.102855,105,153.187632
-90.211002,89,153.29849
-46.32019,74,153.387675
-99.336977,105,153.511012
-80.513199,81,153.610499
-88.815619,100,153.726017
14.705681,138,153.890269
-116.178925,137,154.050924
-118.79737,85,154.133628
-111.262577,89,154.215566
-104.72427,108,154.331877
-26.509853,90,154.441084
-38.478737,96,154.545933
-101.984982,116,154.684575
-99.782335,107,154.802053
-113.517899,97,154.916927
-117.35909,70,155.002173
-104.369854,119,155.139232
-86.510766,106,155.262394
-78.857394,85,155.34855
-39.666607,80,155.442829
-77.176802,126,155.594418
-86.941655,90,155.6986
-58.190616,140,155.853113
-59.224581,71,155.931858
-80.893219,74,156.017329
-75.940948,68,156.111591
-116.694367,97,156.215213
-96.903837,107,156.344839
-57.004384,121,156.467286
-62.164396,118,156.614796
-65.980584,88,156.720079
-102.984159,103,156.834455
-78.059368,121,156.984678
-111.9491,103,157.115825
-93.655173,106,157.241222
-198.97895,98,157.355639
-40.482706,93,157.448135
-98.994123,109,157.564527
-140.365354,152,157.717881
-22.925312,82,157.796466
-103.651136,108,157.880555
-83.925533,93,157.960305
-62.43734,71,158.047335
-85.264112,108,158.163288
-60.938702,110,158.250537
-119.061377,120,158.36481
-68.993259,109,158.46926
-105.831358,105,158.575634
-81.885754,85,158.659824
-30.707966,96,158.718822
-63.715438,98,158.818626
-38.740299,80,158.887848
-2.478264,131,159.015567
-53.084025,92,159.091262
-81.016627,72,159.157155
-133.805304,136,159.294484
-76.584863,112,159.370368
-169.448804,144,159.509504
-61.569315,134,159.627548
-80.092646,82,159.726013
-93.794578,127,159.824189
-72.939394,103,159.912382
-97.728389,98,160.024526
-113.516427,103,160.142569
-72.692596,130,160.256617
-269.032557,104,160.366336
-60.181423,140,160.505575
-38.259441,118,160.614573
-93.472062,96,160.681666
-61.352982,107,160.785552
-76.349872,62,160.847417
-108.702286,72,160.917556
-114.178381,97,161.018369
-153.905385,111,161.146774
-38.546722,101,161.236569
-117.726059,113,161.357385
-64.047356,110,161.44178
-220.124497,108,162.512267
-47.855187,80,162.604989
-138.696356,72,162.656299
-79.036818,109,162.766734
-72.195233,92,162.862056
-39.766455,92,162.942353
-56.300658,164,163.119277
-50.42817,69,163.178751
-130.459804,98,163.261394
-79.50879,126,163.395128
-146.104485,112,163.4749
-42.283078,67,163.560841
-105.430155,105,163.655706
-111.282117,111,163.768944
-75.190089,131,163.929348
-49.008154,73,164.016021
-72.107,83,164.101181
-131.4707,100,164.200804
-85.498409,111,164.333844
-92.530441,111,164.433561
-47.960791,131,164.550165
-82.035844,104,164.633832
-90.370518,95,164.732011
-219.811584,509,165.198826
6.050526,107,165.315024
-73.837375,95,165.382121
-115.871779,96,165.48421
-258.494473,171,165.628784
-91.162018,121,165.755181
-96.280583,126,165.884534
-40.967068,90,165.982116
-27.296172,144,166.1179
-106.947789,89,166.182033
-75.42595,70,166.248735
-42.625184,77,166.315451
-65.682495,78,166.398865
-102.32154,81,166.498838
-80.429204,93,166.565599
-88.226534,75,166.615579
-82.921932,80,166.715424
-100.232468,105,166.832053
-101.560077,108,166.951264
-63.576072,84,167.04871
-80.907481,100,167.150218
-77.83003,91,167.248719
-61.804849,76,167.317426
-114.553569,135,167.448778
-93.467996,129,167.585846
-113.696533,114,167.669099
-66.986698,60,167.715431
-100.607636,123,167.831634
-111.832067,84,167.919216
-91.170488,140,168.032033
-61.432145,89,168.115466
-81.199242,114,168.251711
-40.957923,75,168.31533
-45.074155,119,168.434617
-78.960278,132,168.548671
-75.884728,77,168.632115
-101.081667,119,168.731557
-108.910059,109,168.832107
-351.66816,100,168.915573
-36.375617,128,169.065386
-115.864774,103,169.173672
-104.150621,109,169.265471
-133.179021,132,169.385189
-112.787752,74,169.465936
-17.421646,72,169.540669
-100.320832,79,169.598716
-93.160897,69,169.685376
-101.812867,97,169.751228
-144.344048,154,169.899022
-104.281711,99,170.01532
-99.255456,86,170.098923
-140.98749,69,170.165344
-101.551566,92,170.257846
-81.959769,119,170.368924
-86.496949,78,170.448228
-69.165414,74,170.532142
-45.142976,135,170.632248
-46.38506,103,170.7194
-67.332879,84,170.798711
-77.076519,116,170.93418
-73.506154,100,171.032584
-64.619039,135,171.165964
-107.696057,67,171.213754
-98.178207,93,171.291678
-47.373116,61,171.36906
-84.742729,71,171.45907
-93.328331,61,171.515421
-77.5217,104,171.636354
-72.506271,85,171.708828
-30.978928,111,171.798913
-84.842216,70,171.863396
-102.037559,134,171.99028
-9.067412,106,172.099366
-125.294198,97,172.179096
-80.162746,139,173.077722
-97.87362,72,173.16237
-75.579395,135,173.27947
-30.280288,81,173.351391
-99.955815,79,173.424675
-67.420432,99,173.51944
-241.126771,114,173.619528
-67.286328,75,173.708379
-62.277106,101,173.803361
-1.726782,80,173.873041
-83.359345,72,173.916927
-99.657191,100,174.016015
-99.710971,112,174.142423
-101.887236,103,174.257172
-107.95076,84,174.321321
-41.448394,78,174.394862
-96.021831,97,174.49885
-67.036037,82,174.592827
-101.831198,132,174.733789
-110.366737,99,174.84071
-46.789441,91,174.932036
-102.997688,102,175.048597
-21.474113,126,175.197351
-170.433746,140,175.336751
-131.082123,90,175.448841
-54.983723,109,175.582028
-100.935048,116,175.674061
-265.07379,150,175.81443
-109.883376,92,175.88617
-101.962995,108,176.005327
-94.009693,92,176.101286
-81.538977,79,176.166126
-60.050383,99,176.283593
-59.787598,91,176.395399
-108.26801,95,176.501252
-44.663689,113,176.601345
-87.628789,95,176.701351
-100.629301,156,176.855895
-46.933519,138,177.001316
-56.408294,119,177.118053
-95.329891,118,177.248671
-122.739131,69,177.314286
-87.639418,120,177.398762
-93.619699,80,177.498926
-139.490491,130,177.669113
-101.400134,90,177.749112
-102.480809,106,177.865375
-111.64939,92,177.973957
-96.411117,67,178.034426
-124.712326,72,178.098754
-62.618123,98,178.188668
-54.171479,113,178.29878
-90.34057,93,178.383813
-96.736744,130,178.51548
-102.63801,101,178.641785
-93.251738,112,178.748851
-47.876444,110,178.831774
-117.77132,90,178.93571
-95.575502,124,179.048511
-103.889694,113,179.165955
-98.08059,126,179.315379
-93.783082,78,179.378613
-106.264393,76,179.470892
-77.486978,98,179.548728
-52.480228,75,179.632074
-133.91824,95,179.715413
-7.711297,132,179.862544
-105.201457,122,180.000881
-141.417647,120,180.100344
-67.325052,72,180.182083
-88.461615,74,180.260952
-175.876418,169,180.432024
-117.729152,72,180.500717
-26.151457,92,180.565252
-80.163191,66,180.627615
-88.832855,86,180.74095
-49.307546,122,180.849914
-22.076005,80,180.915392
-105.884433,117,181.066826
-40.417982,77,181.147691
-58.592165,62,181.202059
-53.116662,98,181.315079
-33.621336,84,181.399698
-89.02302,107,181.477329
-26.969828,69,181.549027
-36.172693,146,181.692924
-66.108698,125,181.81105
-123.717479,123,181.916735
-75.818859,125,182.020649
-94.961243,120,182.143779
-28.001367,106,182.232067
-75.522218,121,182.356127
-86.752471,124,182.486838
-123.14068,76,182.569638
-95.527263,115,182.694324
-97.309598,100,182.799197
-122.825278,58,182.846555
-141.664738,112,182.971158
-74.16814,106,183.52156
-51.740962,117,183.64993
-85.238185,98,183.754742
-16.444695,92,183.84249
-68.617578,117,183.966391
-61.245793,76,184.021326
-141.825526,122,184.137235
-77.540142,65,184.188435
-61.023305,86,184.248681
-47.328005,122,184.394157
-84.845823,91,184.479375
-90.159621,118,184.567156
-61.696448,139,184.680022
-88.976423,110,184.773247
-90.64112,128,184.906416
-102.067671,108,185.015289
-12.896658,137,185.137336
-76.07632,130,185.267997
-68.794194,69,185.334461
-55.276477,128,185.465039
-64.82384,79,185.565625
-69.530171,82,185.630575
-27.79681,142,185.765228
-92.290678,96,185.875931
-36.053345,86,185.932541
-102.445172,66,186.014319
-72.551527,124,186.14705
-55.296399,175,186.281056
-50.561088,122,186.422261
-91.07692,105,186.521689
-33.918427,83,186.58259
-46.017352,109,186.704285
-112.58955,116,186.799159
-85.928688,82,186.878502
-48.711372,114,186.97569
-28.429502,136,187.145687
-87.302069,110,187.237562
-104.049806,120,187.365944
-67.340641,96,187.446952
-104.871764,131,187.565687
-132.481602,111,187.674122
-156.084323,80,187.741065
-76.450182,137,187.887846
-20.915338,78,187.97091
-88.438673,105,188.071509
-130.390807,111,188.187931
-66.029673,116,188.27132
-54.878915,117,188.402507
-71.041195,133,188.550786
-68.812893,135,188.671399
-111.101992,100,188.769816
-89.880762,103,188.851613
-123.657109,107,188.971306
-61.403098,93,189.041987
-295.370111,155,189.188095
-30.348893,119,189.317353
-85.381193,100,189.421171
-70.806178,109,189.531823
-87.070022,86,189.604459
-32.273045,109,189.703665
-99.57495,73,189.77135
-102.281289,122,189.897473
-75.18966,100,190.006363
-58.768573,117,190.107894
-68.553253,96,190.222795
-54.94656,83,190.308258
-98.802346,99,190.411579
-57.039707,81,190.484797
-63.4761,57,190.533803
-15.45976,77,190.582295
-66.471679,118,190.699743
-84.78604,127,190.817488
-43.849969,133,190.933786
-53.152581,87,191.018187
-69.490772,106,191.13086
-87.691947,89,191.217649
-58.914891,117,191.365176
-23.644981,105,191.498513
-135.232015,110,191.632318
-44.492103,103,191.751251
-178.448052,107,191.86729
-58.291734,140,192.044672
-44.378758,123,192.175348
-64.470464,106,192.300706
-48.183581,115,192.445765
-154.452027,111,192.567788
-46.474726,78,192.667857
-44.340241,125,192.79174
-101.299349,112,192.922034
-148.929093,127,193.072342
-75.084857,132,193.231839
-168.942634,104,193.31722
-87.219245,115,194.237843
-138.213584,81,194.347994
-67.672445,98,194.465508
-0.768997,141,194.578565
-74.972405,123,194.722431
-108.745837,84,194.822639
-110.180801,87,194.920979
-40.861428,89,195.021062
-86.910276,120,195.15923
-74.105736,110,195.289576
-21.878918,106,195.415369
-43.01048,130,195.572493
-87.095846,93,195.676978
-88.15445,101,195.791527
-95.991796,96,195.904129
-84.977839,103,196.021774
-44.76844,82,196.106598
-55.753264,112,196.243347
-26.666501,137,196.401042
-29.459196,79,196.487867
-48.184372,77,196.572945
-135.89867,122,196.653768
-38.177006,107,196.76187
-98.069689,118,196.896273
-80.470306,115,197.022653
-153.566037,128,197.112946
-111.165378,99,197.203092
-80.335257,119,197.334954
-44.555407,112,197.459576
-80.403283,85,197.558416
-81.896356,113,197.682505
-35.909465,142,197.843797
-152.722693,97,197.956397
-42.44776,104,198.078609
-115.079448,109,198.209885
-117.338002,97,198.325737
-75.282364,117,198.467668
-77.823155,111,198.592237
-87.29742,112,198.720598
-43.347674,96,198.831087
-67.381995,114,198.96395
-55.890103,71,199.050274
-88.010987,66,199.122564
-27.619763,86,199.224692
-59.169106,121,199.364573
-47.985413,81,199.457892
-78.740109,124,199.600525
-53.672576,103,199.718465
-48.057082,133,199.869856
-99.441469,114,200.001512
-111.302003,120,200.132614
-199.487793,99,200.25081
-85.012514,107,200.331126
-37.230269,133,200.425561
-97.984373,75,200.492883
-43.374359,89,200.595477
-111.148661,125,200.745446
-86.499105,102,200.8615
-48.067902,147,201.015128
-69.768333,122,201.093701
-61.925485,114,201.203415
-61.040624,104,201.281991
-68.267809,83,201.340797
-75.280887,128,201.433635
-66.75506,107,201.508702
-60.509012,135,201.605574
-53.098381,104,201.674898
-19.37509,91,201.742222
-91.108127,85,201.805277
-62.539987,108,201.91738
-136.526264,124,202.027672
-125.370926,114,202.104275
-86.182273,127,202.196727
-46.923663,117,202.271847
-119.722058,129,202.417883
-82.190459,144,202.595702
-54.9519,94,202.710144
-35.170946,145,202.887946
-110.211602,140,203.045331
-60.831582,81,203.137771
-132.956633,145,203.298116
-88.627319,75,203.385574
-137.714094,124,203.529824
-49.040086,142,203.698973
-134.075942,140,203.862665
-42.308795,78,203.95349
-70.015562,79,204.046315
-62.408788,89,204.148924
-82.221681,120,204.282252
-155.140282,109,204.400291
-43.031306,74,204.482988
-48.277317,86,204.581833
-81.584408,76,204.673118
8.876284,91,204.778968
-24.606577,78,206.409369
-85.014879,94,206.521693
-71.162231,98,206.632952
-45.590526,106,206.760683
-123.216768,95,206.870785
-14.674429,110,206.999004
-112.660864,112,207.121628
-40.137099,99,207.236283
-100.205799,140,207.353577
-80.061111,95,207.454174
-94.944282,114,207.594565
-18.622705,151,207.774312
-92.777802,115,207.900682
4.668014,87,208.001039
-84.297595,108,208.124731
-44.767206,124,208.267522
-46.584177,115,208.399523
-78.632735,69,208.476101
-8.945863,151,208.650363
-95.715859,75,208.738703
-104.419793,105,208.85681
-137.335389,112,208.940632
-95.986954,87,209.002939
-44.593061,80,209.066252
-55.041771,65,209.145151
-45.47815,106,209.270873
-73.491779,76,209.357673
-17.643698,77,209.44693
-16.835834,152,209.626344
-56.86746,92,209.732555
-90.3543,82,209.81599
-123.669136,119,209.896366
13.733546,103,209.975013
-134.261544,129,210.124643
-135.246853,101,210.238018
-79.551546,107,210.341609
-110.547599,92,210.40466
6.2578,117,210.483232
-144.255531,119,210.575801
-95.132298,122,210.718184
-107.033639,131,210.869733
-15.582239,72,210.952307
-36.248798,125,211.101371
-74.454417,127,211.24795
-82.797659,115,211.380056
-52.095458,116,211.500022
-53.879167,113,211.637308
-96.658047,125,211.7797
-63.143876,122,211.917899
-115.317967,91,212.022485
-42.088532,137,212.115057
-21.302468,150,212.221049
-18.505678,139,212.341904
-87.334087,87,212.444171
-48.235173,78,212.538647
-101.170997,104,212.65875
-82.431003,94,212.759086
-87.763073,104,212.88245
-65.834211,90,212.985048
-56.348877,120,213.124822
-25.244413,106,213.243972
-88.401186,134,213.36924
-61.745656,135,213.520896
-57.425499,98,213.632998
-63.214933,97,213.747274
-128.520319,89,213.850607
-65.453787,102,213.968711
-103.345175,99,214.0787
-118.559782,138,214.230337
-44.124236,97,214.337504
-105.977156,134,214.490895
-64.846754,114,214.623006
-112.765245,81,214.715834
-61.597163,120,214.85397
-49.255672,88,214.959834
-65.67355,107,215.084208
-61.675889,110,215.210092
-64.693649,106,215.32709
-52.857923,98,215.43944
-101.266881,126,215.583732
-49.420339,91,215.69006
-69.775416,84,215.788396
-170.607333,131,215.942277
-137.080162,124,216.082151
-69.365976,87,216.18249
-46.20367,129,216.327925
-82.558955,93,216.432126
-45.401813,135,216.586428
-70.502119,114,216.716534
-102.940972,118,216.857919
-77.085751,75,216.945748
-64.691541,96,217.053599
47.70271,107,217.17366
-36.279505,92,218.693043
-13.078161,141,218.844661
-33.304141,104,218.941745
-57.062679,122,219.079908
-53.290274,119,219.219812
-71.140352,110,219.348601
-65.275098,110,219.472453
-90.698776,112,219.598567
-53.722211,124,219.743936
-59.735108,136,219.901579
-11.749328,93,220.004924
-80.326178,107,220.128761
-25.581748,118,220.265451
-14.080983,89,220.374564
-14.00879,194,220.59475
-45.821607,119,220.734348
-55.370964,72,220.820391
-72.495596,134,220.981853
-75.609478,96,221.097459
-31.340334,150,221.274846
-58.462964,69,221.352025
-42.78079,75,221.439113
-18.98819,79,221.534795
-72.399709,112,221.615022
-29.961917,117,221.711755
-38.292324,97,221.822093
-45.649788,83,221.901057
-32.716329,83,221.959865
-76.302752,121,222.046841
-69.859436,86,222.106151
-24.019377,95,222.177478
-97.348199,73,222.232519
-97.9149,117,222.328413
-19.866939,92,222.452772
-39.313739,127,222.58491
-3.231707,132,222.678443
-28.373442,107,222.755545
-29.021872,108,222.865461
-4.305838,101,222.996117
-70.778745,95,223.109212
-8.343379,91,223.214087
-84.8065,117,223.353609
-80.012988,76,223.440423
-50.111567,78,223.521497
-27.686428,115,223.598065
-68.316984,95,223.674066
-90.569148,97,223.782419
-46.137702,83,223.854739
-61.781241,132,223.974846
-63.075169,114,224.108787
-98.155858,125,224.254388
-72.16961,107,224.379138
-125.96403,132,224.525074
-56.93409,93,224.635896
-93.831055,114,224.768523
-86.692712,88,224.849339
-90.75186,73,224.925908
-69.299959,80,225.014491
-50.280067,109,225.140344
-49.915657,108,225.260046
-47.413496,145,225.37597
-63.211523,79,225.435703
-81.638462,99,225.530554
-106.467487,139,225.682836
7.187923,114,225.796672
-60.765665,104,225.918695
26.786496,140,226.078583
-237.475452,155,226.25596
-91.06996,101,226.368973
-36.107224,73,226.457861
-15.05514,96,226.568447
-86.55383,99,226.66891
-52.664963,111,226.810523
-60.732476,122,226.950135
-45.401734,131,227.097256
-66.210168,109,227.189829
-85.413571,138,227.349962
-96.782889,79,227.440187
-4.037879,124,227.586566
-27.995401,124,227.733937
-23.696765,136,227.89384
-44.341773,107,228.02114
0.219037,144,228.197347
-72.186192,98,228.277915
-94.91742,69,228.3252
-44.669772,102,228.401323
-65.125419,126,228.568089
15.247304,99,228.68395
-108.27128,74,228.76822
-56.640973,112,228.888583
-113.255082,139,228.990664
-85.996345,87,229.051969
-6.294068,122,230.229709
-114.862804,119,230.34831
-94.781032,115,230.461577
-65.786839,76,230.544393
-82.883962,97,230.618401
-61.817014,129,230.753624
-62.59725,96,230.865716
-76.59208,121,230.991334
-98.381389,72,231.040621
-34.612965,125,231.145211
-131.228732,97,231.256233
-49.564671,133,231.410149
-125.937245,114,231.543911
-122.212203,117,231.67727
-23.966407,112,231.811245
-73.839404,98,231.927203
-51.729713,113,232.066205
-73.147893,114,232.192299
-116.712477,115,232.326158
-31.013888,114,232.458468
-40.412432,139,232.620274
-82.233775,79,232.710478
-16.976797,110,232.832646
-55.702219,91,232.901201
-75.276969,116,232.973001
-47.466239,122,233.073588
-30.096581,121,233.214782
-64.401006,115,233.350547
-2.678012,140,233.520399
-52.79803,105,233.614729
-27.591679,152,233.726461
-94.882826,124,233.817048
-54.4365,111,233.916799
-86.958192,200,234.148982
-64.064449,73,234.231076
-77.231006,137,234.388202
-104.144063,114,234.519228
-51.959936,121,234.657874
-37.791588,108,234.779585
-35.640722,113,234.913191
-69.991932,120,235.009768
-119.469171,143,235.124374
-23.26788,116,235.264233
-103.803003,107,235.38433
-119.932154,110,235.512017
-38.276348,136,235.673414
-156.062022,118,235.81167
-91.223551,109,235.936179
-50.371326,76,236.018758
-76.910615,139,236.178139
-21.054461,112,236.305491
-44.712186,84,236.403819
-175.203618,393,236.860828
-60.018532,95,236.985082
-37.187827,113,237.119383
-109.318856,142,237.280022
-25.270246,97,237.396884
-51.921676,158,237.580069
-76.581954,99,237.697664
-14.3294,79,237.787988
-66.202317,79,237.878808
-35.700403,130,238.033207
-105.732185,77,238.117564
-75.482136,119,238.253664
-60.477299,115,238.388664
-35.750695,97,238.502008
-50.735895,111,238.63413
9.149511,107,238.760479
-75.502567,119,238.89859
-26.738382,196,239.115265
-42.416456,91,239.227622
-77.892474,113,239.361731
-93.262845,121,239.512476
-93.547217,105,239.656339
-127.20135,145,239.840854
-73.394339,123,239.993001
-74.528318,114,240.129296
-42.138398,97,240.245401
-7.63029,112,240.386755
-18.261147,102,240.514014
-58.506078,137,240.687153
-101.013807,71,240.750201
-92.039619,143,240.861416
-30.741809,123,240.952688
-33.524053,134,241.054259
-77.210105,79,241.113232
-50.075755,91,242.829323
-87.70862,88,242.932096
-95.929172,100,243.046347
-55.059465,95,243.156434
-59.59393,128,243.305843
-113.974687,156,243.490579
-49.170135,112,243.625711
-65.647268,90,243.732739
-95.233715,132,243.888495
-37.471616,109,244.016849
-58.596406,91,244.121305
-44.204831,93,244.227386
-89.927879,110,244.355238
-44.707693,105,244.485096
-104.793719,96,244.598253
-41.335515,132,244.763954
-37.772046,92,244.884476
-48.714628,63,244.958185
15.347824,142,245.099156
-40.562464,93,245.206011
-96.025816,67,245.271059
-74.774152,102,245.338373
-81.724769,140,245.470215
-82.837315,80,245.570024
-60.796648,79,245.669668
-106.033776,104,245.794519
-84.568116,88,245.900776
-52.979784,79,245.991337
-54.786641,134,246.15047
-36.949523,71,246.233097
-41.118333,130,246.38787
-71.657326,69,246.464856
-77.835986,107,246.589579
-150.255564,133,246.74583
-67.54274,113,246.873683
-75.985319,81,246.964003
-112.580858,132,247.115385
-68.602984,111,247.243231
-73.621113,112,247.376835
-44.46167,109,247.490329
-67.998819,118,247.569289
-66.799931,130,247.704451
-31.035254,87,247.806787
-22.940634,111,247.940547
-97.90648,86,248.037659
-70.808316,66,248.111475
-19.591946,126,248.257426
-14.656498,91,248.366017
-62.521492,109,248.49237
-60.596706,84,248.582348
-20.275398,106,248.717389
-54.865179,110,248.845221
-81.142842,118,248.981757
-44.32884,115,249.115372
-41.713581,124,249.260735
-89.072403,168,249.457403
-86.75458,1000,250.503225
-108.334725,92,250.614822
-68.131165,106,250.734791
-36.815102,90,250.843126
-26.516223,104,250.963071
-80.600598,101,251.075671
-18.841756,84,251.174511
-74.536639,126,251.316137
-4.992061,129,251.473581
-55.893481,92,251.57555
-15.21854,94,251.685354
-44.81466,124,251.831104
-45.160052,131,251.987177
-51.659326,134,252.139302
17.711031,171,252.338582
-70.782608,140,252.526483
-52.555032,114,252.663869
-53.451253,123,252.811039
-80.696804,137,252.976228
12.574195,115,253.114234
-36.864411,94,253.228834
-4.684761,130,253.388845
-106.03589,86,253.493437
-71.593559,130,253.645494
-4.548927,137,253.745803
3.968377,147,253.842647
-14.302392,107,253.927972
-49.980117,92,255.177168
-28.692156,90,255.234227
-20.578633,150,255.338324
-83.11043,60,255.381319
-24.238417,117,255.45815
-44.193462,111,255.538466
-113.493045,145,255.637306
-53.493708,89,255.724424
-65.489217,71,255.803632
-90.223953,91,255.912822
-45.937575,111,256.04843
-43.590471,91,256.155341
-40.358166,91,256.257923
-42.565204,163,256.450993
-27.879673,88,256.553084
-76.670725,102,256.674028
-61.49022,86,256.778622
-79.466475,109,256.906734
-40.723924,63,256.977968
-64.611512,108,257.096899
-51.312042,114,257.246217
-37.794987,102,257.36793
2.685606,128,257.517599
-63.973255,114,257.657269
-41.695801,123,257.793893
-86.456664,113,257.930829
-45.666483,107,258.052219
-37.316589,101,258.172062
-35.172959,112,258.301922
-83.150806,90,258.404262
-83.700501,90,258.511073
-60.843484,72,258.592641
-86.1077,81,258.688905
-59.019192,65,258.761307
-59.416152,124,258.903168
-48.959807,94,259.019768
-43.777039,116,259.159379
-60.279604,99,259.266032
-89.161107,96,259.391172
4.437033,77,259.483899
-56.87354,123,259.622512
-3.228902,138,259.795175
-61.607532,80,259.867995
-49.487038,120,259.948311
-50.321402,88,260.003607
-26.414775,98,260.084403
-51.350936,106,260.212763
-103.068728,103,260.33487
-50.306711,90,260.445707
-87.364481,142,260.566354
-89.492438,100,260.63995
-61.296765,103,260.713514
-79.494845,99,260.777332
-4.899709,121,260.876466
-6.599568,88,260.941275
-92.249715,120,261.027596
-26.512178,140,261.124695
-89.082692,95,261.186012
-56.2368,84,261.244688
-90.682486,93,261.313752
-0.994279,94,261.381073
-56.116378,90,261.446246
-45.433428,93,261.515306
-61.269609,116,261.603623
-77.905709,102,261.689204
-80.440245,115,261.832582
-106.500307,92,261.944675
-62.559733,114,262.074769
5.603754,122,262.222129
-93.642756,93,262.328466
-15.906087,88,262.432545
-79.268949,101,262.549149
-34.840351,119,262.692805
-65.657413,135,262.820919
-61.601854,141,262.960359
-51.465423,139,263.12934
-33.703297,82,263.225541
-83.032114,128,263.370909
-67.577472,109,263.453959
-11.541203,108,263.584587
-68.120293,120,263.724033
-42.264185,150,263.844509
-55.597825,148,263.999907
-42.044135,81,264.057214
-46.876707,93,264.130547
-92.204652,125,264.221261
-25.770835,130,264.311594
-11.268098,104,264.382416
-62.015599,101,264.460303
-34.073447,96,264.530798
-48.950792,155,264.710933
-51.871938,100,264.835529
-13.610764,92,264.93187
-67.265482,134,265.093256
-62.352587,151,266.105141
-50.483002,113,266.226504
-62.460036,93,266.340655
10.204853,121,266.438345
-48.400981,108,266.509437
-119.569135,849,267.178071
-51.455858,124,267.323542
-70.43899,106,267.443611
-33.347067,94,267.560252
-25.645284,101,267.676831
-21.308792,153,267.879075
-33.69082,119,268.022697
-156.024161,81,268.113024
-75.748703,109,268.237403
-32.454814,110,268.366251
-52.066831,115,268.503762
-62.856036,141,268.670652
-12.207868,126,268.805309
-85.791137,98,268.923659
-112.525251,131,269.083271
-27.165075,118,269.215121
-69.012162,126,269.358494
-152.467423,138,269.515039
-30.778185,118,269.606
-45.648646,109,269.68732
-46.895587,107,269.810843
-127.050949,148,269.98624
-74.195564,147,270.157144
-42.150257,82,270.257985
-46.971083,106,270.384338
-25.113319,113,270.525979
-22.793054,84,270.628323
-11.246652,120,270.775219
-72.332243,114,270.912975
-40.02407,72,271.002919
-58.87369,80,271.102021
-3.266913,120,271.248409
-78.809445,100,271.37037
-83.072588,137,271.532291
-25.030448,98,271.658911
-65.857152,100,271.779277
-41.677297,111,271.919913
-24.600998,130,272.083016
-3.599589,90,272.19947
-48.024214,89,272.307441
-79.76104,121,272.457337
-95.807661,129,272.614828
-79.095043,138,272.788105
-39.913666,124,272.942322
-93.574779,142,273.108279
11.034149,134,273.27191
-0.648838,108,273.405517
-45.809841,117,273.551453
-76.586437,66,273.630522
-17.123012,106,273.758933
-67.238336,107,273.891732
-16.79955,105,273.984312
-87.632559,114,274.078896
-30.166794,70,274.164241
-90.104527,118,274.310564
-101.969707,90,274.414867
-82.193355,95,274.50213
-61.746074,123,274.604798
-61.396776,94,274.675362
-53.352182,119,274.81016
-120.092966,131,274.985689
-51.243829,107,275.11922
-11.901632,78,275.215036
-105.999562,111,275.357235
-53.838432,125,275.505371
-136.339584,258,275.745409
-19.981315,133,275.913224
-40.9411,115,276.051867
-51.222139,107,276.166129
-56.958383,84,276.241898
-45.885124,137,276.345751
-73.730678,122,276.497405
8.476148,102,276.626816
-74.903257,110,276.766195
-46.168556,159,276.96645
-106.466225,89,277.072783
-64.000136,132,278.352796
-70.823104,80,278.448876
-32.891191,115,278.588562
-19.90637,115,278.720871
-46.476786,136,278.880898
-16.68893,149,279.063064
-39.442092,96,279.179384
-39.756446,102,279.295729
-17.752677,105,279.42008
-78.984966,113,279.554173
-20.563439,135,279.713095
-88.606753,88,279.814995
-52.29126,127,279.921608
13.551043,199,280.113054
-29.000593,80,280.20614
-50.9953,83,280.300467
1.145822,83,280.395493
-83.11024,132,280.547333
-87.637542,85,280.651672
-6.181454,131,280.79155
-70.113316,140,280.961935
-38.427336,121,281.111305
-80.996739,112,281.24618
25.4939,109,281.36619
-109.47308,129,281.5294
-58.261458,117,281.665693
-68.736384,127,281.819567
-24.217836,1000,282.915769
-120.029677,115,283.026302
-0.41373,144,283.133728
-59.855378,115,283.218553
-142.58225,420,283.638379
-45.012292,707,284.47966
-57.449807,98,284.594258
-42.525451,90,284.702757
-17.799151,125,284.856898
-56.356568,120,284.991971
-72.69027,111,285.076534
-82.470611,98,285.197608
-43.724457,86,285.298147
2.582319,131,285.461533
-39.10716,154,285.650676
1.365171,156,285.8469
-29.455526,124,286.001982
-24.163574,77,286.09257
-79.661066,113,286.226435
-13.701037,98,286.348287
-62.654903,112,286.463887
-22.401894,105,286.542588
-119.679987,97,286.607999
-82.374266,89,286.67257
-116.872278,115,286.774658
-76.290957,76,286.867086
-41.876733,97,286.965498
-33.321774,144,287.123786
-24.077324,83,287.185273
-39.551585,77,287.240316
-30.890898,140,287.348402
-17.590859,121,287.460007
-45.491609,124,287.61247
-43.310695,106,287.739079
-54.458624,109,287.866084
-68.137118,105,288.003028
-23.09909,109,288.137399
-18.401819,95,288.255754
18.461243,88,288.357834
-89.26385,123,288.495964
-22.829639,98,288.620396
-86.009177,85,288.717435
-34.462804,99,288.83742
-99.044801,184,289.0636
-54.611939,160,289.248868
-41.165236,138,290.377893
-30.240344,84,290.478058
-58.666133,128,290.607999
-9.768309,129,290.710758
-58.753826,100,290.771808
-60.59604,123,290.891676
-25.770294,96,290.964238
-31.927301,99,291.037802
-66.953981,116,291.120882
-58.358605,132,291.219715
-90.099626,123,291.312288
-65.280768,156,291.453908
-77.405508,112,291.585526
-39.813182,79,291.675846
-95.056947,110,291.825763
-251.313377,545,292.483108
-78.289278,105,292.60859
-9.256627,130,292.765243
-80.74702,148,292.940675
-41.96888,113,293.066142
-70.275183,102,293.197598
60.27699,1000,294.381565
-64.80119,85,294.490355
-69.443459,124,294.635895
-102.422641,155,294.826244
-43.003044,115,294.965741
-4.704067,89,295.071199
-33.264521,158,295.254855
-34.038728,128,295.410388
-61.312828,87,295.511233
-67.444948,132,295.666847
-30.928948,159,295.855326
26.148632,142,296.020987
-45.273358,117,296.158124
-52.835922,120,296.303751
45.493554,94,296.415864
-117.168682,114,296.556135
-54.663458,150,296.736761
-54.213249,150,296.923947
-11.613453,91,297.034878
6.110334,1000,297.987564
1.951152,130,298.079788
-21.009979,117,298.224904
-76.528256,138,298.358409
-22.953446,122,298.450983
6.008856,123,298.545321
-100.630324,138,298.6454
-70.184316,123,298.737717
-63.117644,82,298.795284
-56.066,134,298.892228
-36.437611,164,299.010081
2.304727,95,299.074384
-10.53941,80,299.16761
-79.400706,84,299.271204
-25.058948,116,299.413084
-24.471516,108,299.544657
-62.630286,87,299.648737
-61.213588,102,299.766844
-0.167653,115,299.906214
-70.366925,123,300.053572
-39.671343,161,300.251438
-53.949618,77,300.344271
-43.710627,124,300.47714
-19.838462,123,300.569469
-61.486677,84,300.632519
-63.486006,158,300.746629
-64.948091,127,300.843608
-83.50993,134,302.103355
-86.616958,169,302.257545
-71.178899,95,302.344673
-102.762411,258,302.651978
-79.677723,108,302.778339
-26.629427,121,302.871167
-52.326432,97,302.957488
-96.475368,111,303.081093
-49.647997,99,303.195133
-89.918347,111,303.324991
-20.012989,121,303.466383
-53.900873,90,303.57836
-0.870147,88,303.680694
-39.136818,98,303.805089
-27.769639,176,304.022259
-36.189141,194,304.253904
-0.740188,89,304.35822
-54.364576,100,304.474576
-10.002694,135,304.634701
9.472981,100,304.752779
-76.699614,109,304.881946
-82.741205,92,304.994811
-31.463215,111,305.11846
-41.25759,137,305.291939
-35.436415,104,305.419656
-69.056548,130,305.57143
-24.79583,78,305.661747
-58.757641,71,305.744316
-38.624585,104,305.86672
-14.386761,97,305.98169
-71.984492,124,306.118943
-26.532673,111,306.26297
-44.221701,116,306.398604
-64.505096,115,306.52836
-110.262328,117,306.660723
-69.488003,119,306.797107
-29.065409,112,306.93164
-54.415439,131,307.093546
-33.024349,101,307.21445
-74.465302,148,307.395771
-44.346002,119,307.535656
-54.100089,85,307.597362
-16.288003,130,307.759018
-62.412185,114,307.892807
-23.704817,140,308.018662
-67.077644,101,308.126755
-111.051927,85,308.230782
-77.416281,114,308.370907
-77.609595,143,308.548316
-36.219874,124,308.697939
14.909608,1000,309.953995
-22.977777,99,310.078707
-29.616148,93,310.198255
13.073809,126,310.359643
-55.790647,98,310.480271
-51.596661,100,310.602389
-73.476502,165,310.803584
-39.520642,84,310.908037
-18.119972,111,311.045924
-58.284806,77,311.13731
-72.670625,723,312.043964
42.469499,1000,313.302682
-46.451873,85,313.40352
-57.828704,133,313.568886
-105.599028,187,313.79377
-1.625788,124,314.755051
-80.422304,100,314.885095
-11.529797,113,315.026547
-155.676429,159,315.199234
58.701041,1000,316.375869
-98.638388,86,316.454902
29.140324,1000,317.635232
-22.711888,83,317.698148
46.516269,112,317.781904
-44.362035,163,317.903085
-32.557092,133,318.003157
-30.707691,137,318.105492
-54.101764,87,318.172539
-61.984858,98,318.231341
-23.153263,123,318.321667
10.380763,147,318.439545
-71.485477,1000,319.588674
-27.431923,135,319.749558
-62.47585,173,319.917459
-26.220988,121,320.03005
-24.686117,90,320.136889
-16.061089,91,320.251487
-19.800427,138,320.42379
-238.64433,186,320.654279
-47.590054,104,320.784127
-12.80456,85,320.888203
-3.289717,123,321.045342
-14.949317,94,321.166211
-36.167428,112,321.307968
-43.798808,110,321.441602
-23.353564,106,321.577441
20.149459,84,321.680429
-46.426309,154,321.866694
-108.183656,101,321.98855
-15.276018,99,322.110961
-61.418421,112,322.246325
-58.421249,87,322.353925
-55.856002,147,322.538574
-18.222885,124,322.694639
-68.232732,144,322.87673
4.187369,115,323.019408
-39.953439,160,323.226315
-15.920449,106,323.364875
-5.78538,119,323.51701
-106.127278,105,323.646866
-68.135738,125,323.798232
2.708029,143,323.979506
17.843729,91,324.09236
15.587662,166,324.286022
-111.632164,124,324.402974
-34.499777,1000,325.574381
-28.162019,121,325.722986
-25.447979,117,325.868603
-14.609146,104,326.000466
-13.618351,83,326.100538
53.767509,1000,328.035508
-32.067447,115,328.137813
-27.436758,110,328.269052
-28.533384,162,328.456172
-35.867353,108,328.594832
-66.384204,135,328.762477
-1.971807,124,328.912366
-1.53588,89,329.016599
-34.866532,107,329.142711
-12.694349,151,329.323888
-50.907485,103,329.443677
-52.176818,153,329.624348
-100.348096,189,329.845269
-32.292875,111,329.989954
-28.038249,84,330.062774
-40.959434,128,330.217653
-56.94438,105,330.338266
-51.042953,121,330.483963
-15.704713,1000,331.675413
-71.468783,154,331.865053
-45.02786,124,332.009497
-51.907579,106,332.135235
-47.625549,140,332.308866
7.017788,127,332.468809
-11.007249,92,332.585645
4.461256,133,332.749122
-54.01349,111,332.85782
-71.23928,117,333.003689
-33.221678,119,333.147433
-13.631009,98,333.265531
-34.76582,158,333.465604
-1.210157,90,333.573662
-30.062371,85,333.677742
46.69482,102,333.800415
-41.62104,132,333.968193
-30.399046,110,334.1058
-33.822929,103,334.234947
-3.185819,101,334.364804
-20.703912,91,334.474193
-53.430277,131,334.640467
-56.046017,78,334.737538
-68.942328,103,334.860331
1.040586,152,335.051211
-62.473752,111,335.191582
-38.841257,89,335.288192
-48.045961,104,335.36526
-36.132995,138,335.543729
24.104596,101,335.669825
-65.311879,1000,336.771649
-59.504846,77,336.867984
-16.130286,215,337.136709
-53.181954,85,337.240538
-6.243738,160,337.435037
-51.13273,124,337.592311
-37.64144,125,337.754226
-34.00324,1000,340.167275
13.800719,107,340.303985
-186.616447,611,340.98927
-21.899972,103,341.120059
-18.844269,103,341.246344
-30.848442,122,341.393965
-26.3468,144,341.568737
-165.364868,702,342.435664
-90.268815,102,342.559025
-92.588647,109,342.692873
-25.153519,94,342.804973
-88.369103,214,343.053943
-11.661561,135,343.215064
-127.040684,239,343.512712
-73.721884,100,343.631836
-49.066719,89,343.717167
-31.845854,151,343.860837
-37.668376,86,343.961451
-23.77412,103,344.089302
-49.208787,95,344.202059
-39.125653,97,344.319448
-51.577815,132,344.490182
3.97613,105,344.620858
3.149174,107,344.753815
-98.296958,1000,345.899886
-112.901296,1000,347.041539
-10.340642,99,347.133165
-61.430966,91,347.208575
-184.365831,451,347.750883
-167.89077,180,347.968245
-56.555401,99,348.104196
-1.377004,140,348.286397
0.088175,113,348.441583
-32.273728,93,348.556216
-282.773801,275,348.933382
-29.942175,83,349.0439
-27.162363,99,349.168137
25.485806,96,349.304754
28.072366,122,349.472484
9.773541,105,349.616444
-97.044878,1000,350.91726
-67.119656,76,351.01559
-20.664794,99,351.133749
-55.12294,93,351.266479
-10.519912,113,351.400084
8.468047,99,351.538638
7.977785,119,351.69092
-8.058659,1000,354.126207
45.808992,1000,355.257364
-6.006619,119,355.418551
-22.356762,151,355.600835
10.314463,135,355.779931
-161.995335,1000,356.941995
-43.145929,137,357.114236
-48.331545,113,357.255045
26.459455,165,357.378192
-12.20191,175,357.51607
-17.21868,1000,358.708478
-17.906491,75,358.806671
-33.228459,128,358.966341
22.666257,146,359.154804
-77.886226,97,359.278898
3.026755,126,359.440051
55.001214,1000,360.524195
-39.631921,99,360.651106
-6.971306,93,360.77076
-37.937024,91,360.88362
-86.69259,120,361.035742
-102.992567,1000,362.287911
44.724093,93,362.412421
-36.417649,88,362.519395
-0.310564,103,362.647516
90.246383,1000,363.835319
-23.601403,105,363.969507
-22.44279,108,364.095114
23.823367,127,364.254607
-140.070735,175,364.480258
87.876384,1000,366.613176
-96.586733,183,366.766373
48.769581,104,366.903817
-61.056066,1000,368.097355
-34.711044,177,368.337698
10.808536,94,368.457237
-33.506264,118,368.601422
-34.601127,85,368.704223
95.418065,1000,369.926266
8.088641,91,370.042623
-51.158958,112,370.177628
-17.741365,99,370.297231
-321.9196,182,370.520879
-77.6763,1000,371.784159
-24.420062,143,371.961495
0.172112,92,372.076487
-62.072634,81,372.176325
-43.630044,108,372.314033
-1.51249,123,372.469142
54.595743,1000,373.710388
-19.305091,128,373.812713
-134.683444,1000,374.844419
-6.794493,103,374.978669
51.700262,1000,376.273803
59.694507,1000,377.634338
-48.955193,147,377.903997
-70.291446,1000,380.651041
40.085375,108,380.800726
-82.229872,107,380.933825
-5.021524,119,381.050065
7.776715,95,381.150567
11.998176,98,381.283546
-24.71893,131,381.447969
-28.655895,1000,382.512311
-142.583993,290,382.884147
-62.425313,119,383.00932
-1.489263,91,383.117526
10.098969,88,383.234382
-19.982416,104,383.368193
-183.733837,692,384.217535
-9.234049,112,384.368268
40.030518,1000,385.550581
-60.171582,91,385.667749
-57.592842,1000,386.667932
-230.915787,636,387.466805
-0.738268,134,387.633412
17.228526,1000,388.767193
3.25746,84,388.883712
23.223435,1000,390.151094
53.837483,1000,391.43454
27.709841,1000,393.41782
-32.941984,149,393.534011
24.833159,142,393.634124
-8.178425,92,393.709712
13.478567,122,393.810142
-35.883268,160,394.010949
-19.170192,85,394.117091
-98.575166,1000,395.283988
29.579688,102,395.417552
-63.106517,114,395.550572
9.846637,79,395.651138
51.717047,1000,396.717435
23.248261,1000,397.685353
-13.491946,101,397.816423
11.036384,103,397.934702
33.655272,1000,398.918021
-34.603499,1000,400.184771
49.356657,1000,401.391118
-54.322425,124,401.538332
-12.901016,131,401.701001
-0.499179,106,401.839976
19.769655,128,402.001024
179.160983,819,403.002855
60.583324,1000,405.000956
-15.935101,123,405.151002
93.511858,1000,406.267521
61.359782,1000,407.484486
-51.29192,1000,408.577388
-18.641762,137,408.756386
-53.866148,136,408.917731
46.782662,1000,410.184361
10.160522,126,410.348003
-292.410267,813,411.38466
-26.25074,1000,412.450576
78.275292,1000,413.784028
11.91109,112,413.950454
44.634367,1000,415.451269
-4.137785,103,415.599592
-8.370693,1000,417.000023
-26.258939,107,417.134399
32.776985,1000,419.28984
24.244298,1000,420.367794
42.725706,98,420.500047
40.045664,113,420.634793
75.034432,1000,421.940312
65.417896,1000,423.084564
44.805672,1000,424.320489
7.596668,116,424.468415
-14.064639,105,424.599425
92.948023,1000,425.784744
-45.228422,1000,427.072751
73.571849,1000,428.301596
52.503121,1000,429.751056
-38.461969,111,429.868482
96.296638,1000,431.968077
-64.515655,1000,433.189377
15.994657,1000,434.500203
23.694876,94,434.627503
126.788116,1000,435.901486
-60.342852,143,436.029427
-25.732244,86,436.133217
9.639318,154,436.331931
12.115389,1000,437.616009
19.13018,1000,438.66805
40.539725,1000,439.718325
-24.12329,1000,441.018377
-55.264065,1000,442.051735
-23.59423,1000,443.584616
10.407421,150,444.385044
61.171134,1000,445.634167
62.680199,1000,446.918488
-2.94699,1000,448.180434
88.628866,1000,449.668363
-43.463559,128,449.851368
51.235066,1000,451.426379
88.358123,1000,452.835009
-2.810282,116,453.018189
-23.435466,115,453.185005
186.331284,490,453.884816
11.169004,146,454.050232
54.205467,1000,455.251925
37.557848,144,455.418262
-146.772434,1000,457.038977
4.267353,1000,459.718431
43.366637,1000,460.904795
62.978913,1000,462.141274
1.822916,135,462.311473
75.568693,1000,463.616331
-81.866236,1000,464.918564
50.032963,1000,466.252498
-34.911224,1000,467.551031
-7.612446,89,467.668116
241.690176,477,468.235042
4.208772,128,468.368108
87.312266,1000,469.616931
44.451896,110,469.718833
-61.286014,1000,470.979024
153.778818,834,473.251732
-55.321321,103,473.368784
49.330369,1000,474.638764
192.728081,489,475.268507
1.494249,1000,476.568428
-18.406108,1000,477.835054
-18.912094,132,477.970582
1.006196,87,478.051983
61.125657,1000,479.336831
36.666145,1000,480.528311
-42.410451,267,480.734973
67.343816,1000,481.651761
6.830469,96,481.761781
35.890865,1000,483.052106
-33.485876,1000,484.507879
-24.780335,93,484.616571
196.728143,362,485.185169
21.926551,1000,487.96886
71.745901,907,489.168878
-16.801473,1000,490.468397
52.199869,1000,491.768391
-68.352817,1000,492.935724
118.476141,1000,494.201897
-105.981723,1000,495.355529
41.00291,1000,496.668979
-120.291416,1000,497.718281
27.623694,1000,499.05318
183.687478,876,501.468753
-12.460949,157,501.668059
33.507726,1000,502.918859
170.510802,413,503.485538
-19.062693,317,503.901944
177.882658,508,504.568553
115.459662,1000,505.921433
-35.586284,1000,507.252114
225.630927,693,508.083238
-40.82868,134,508.187129
-91.296545,1000,509.451674
201.636523,364,509.883871
158.644777,975,511.035426
78.421293,1000,512.068962
-84.133071,1000,513.268518
221.265423,542,515.152457
224.951489,393,515.685446
25.157997,1000,517.061628
-72.420709,1000,518.318821
-39.915921,1000,519.685499
-4.065414,1000,521.002453
157.769716,980,522.355183
64.998488,953,523.629618
217.238023,761,524.652217
109.607116,790,525.712008
164.280995,505,526.469018
224.525471,491,527.218456
96.209842,1000,529.085592
-34.959747,1000,530.435497
226.026096,421,531.018476
192.57826,793,532.085848
167.619379,510,532.801465
125.774349,678,533.702507
-78.622294,1000,534.919428
-9.461014,1000,536.42308
222.926124,231,536.721257
-47.741007,1000,538.21934
-17.056624,114,538.402346
-104.789585,184,538.724054
-42.915975,1000,540.369227
151.72709,858,541.769407
-41.325349,1000,544.334238
133.032936,552,544.93925
274.398897,358,545.300288
-191.297004,474,545.969676
-98.839433,1000,547.252356
-89.359441,1000,548.524199
258.642954,289,548.939186
275.573125,434,549.569344
207.215168,261,549.95514
-173.199937,1000,551.335875
-27.108637,185,551.589036
-132.701877,1000,553.01642
-6.332169,1000,554.242584
65.976609,1000,555.558734
95.862649,1000,556.972664
184.283056,915,560.010633
-24.093512,1000,561.196215
165.610901,485,561.802932
-109.244702,1000,562.982683
-50.244828,1000,564.12365
-44.473742,1000,565.477657
127.343489,972,566.865711
254.600814,559,567.654337
104.592509,1000,569.039398
185.963904,655,569.822268
-54.445821,1000,571.470932
208.199743,182,571.845792
-96.432226,1000,575.517857
-4.174355,1000,576.803971
181.434048,362,577.203233
-11.217738,235,577.479347
238.562042,269,577.828417
-47.033203,1000,579.049325
185.01081,388,579.481585
-92.586768,1000,580.652899
221.750985,326,580.988944
199.597467,589,581.675209
-9.152006,1000,582.803384
-144.950234,1000,584.018143
262.383023,822,585.052405
205.979505,697,585.889794
6.355739,1000,588.058996
-86.911551,1000,589.189066
-10.151073,1000,590.352936
194.709246,453,590.852818
206.330936,499,591.430261
238.536685,391,591.886427
147.058522,889,592.939808
166.544388,319,593.336219
163.675483,691,594.169545
264.905949,409,594.655397
215.113198,497,595.253097
-146.119949,1000,596.428412
59.270996,1000,597.636152
-142.401934,1000,598.769541
-36.358647,1000,601.094158
183.570568,729,601.989734
-73.708029,1000,603.220658
-111.03036,1000,604.486478
-95.642747,1000,605.669731
41.013926,1000,606.903156
142.497334,987,608.053223
-63.759835,1000,609.276246
-78.588707,1000,610.525105
38.194683,951,611.636474
-119.9067,1000,613.87004
221.379339,263,614.186663
-85.285631,1000,615.429438
-117.725832,1000,616.670173
126.652746,816,617.653178
170.059037,907,618.771446
120.370039,822,619.736564
15.10799,1000,620.770047
-115.285523,748,621.653224
-103.307614,1000,622.886728
-93.991842,1000,624.08649
-72.649846,1000,625.33662
127.437062,904,627.539426
-18.137108,1000,628.786728
-124.966595,233,629.086679
-94.529197,1000,630.28662
80.695941,976,631.54906
183.922231,679,632.363935
-115.337714,1000,633.553624
66.8464,985,634.786545
170.273767,638,635.573697
119.503659,814,636.536551
177.107534,526,637.156734
127.242189,920,638.239224
-59.422355,1000,640.520756
-61.583952,1000,641.884369
74.270609,950,643.196881
-23.289901,1000,644.520733
-62.423069,1000,645.851746
-36.437719,1000,647.209097
-84.316783,1000,648.538054
-84.750202,1000,649.893472
-16.421321,1000,651.142203
-18.825807,1000,652.275286
-14.67546,1000,655.271483
62.322355,920,656.530326
-64.698273,1000,657.955302
-35.032966,1000,659.40269
-75.735145,1000,660.734654
-8.036766,1000,662.137893
145.429316,673,663.104343
-44.902904,1000,665.037362
-98.710191,1000,666.54976
-38.126724,1000,668.363231
-76.196139,1000,670.2878
-84.456869,1000,673.795696
-63.831448,1000,675.745717
-61.281409,1000,677.685515
-53.865999,1000,679.45741
-150.768264,1000,681.436782
172.229462,648,682.69581
-23.579641,1000,684.603477
-18.646511,1000,686.455556
-59.573464,1000,688.349848
-51.922025,1000,690.09304
-16.639106,1000,692.938939
195.841798,361,693.555122
-8.049441,1000,695.127207
-63.190896,1000,696.722125
-38.513659,1000,698.322866
-28.765641,1000,700.03982
-46.596982,1000,701.705282
-37.553866,1000,703.309702
-49.033692,1000,704.771446
-17.324183,1000,706.222186
-51.322092,1000,707.921587
-60.644936,1000,710.485861
-12.396429,1000,711.787978
-43.863547,1000,713.238017
-32.535867,1000,714.540922
222.987181,327,715.021986
-58.235738,1000,716.488878
-37.218853,1000,717.970749
-69.381243,1000,719.338728
-23.833316,1000,720.824245
8.600413,1000,722.571608
-16.717837,1000,725.571456
-12.826684,1000,726.9427
-28.839579,1000,728.304835
-47.866986,1000,729.66731
-55.05732,1000,731.132803
-48.480068,1000,732.321512
-35.768611,1000,733.339196
-2.481113,1000,734.789819
282.430338,256,735.111046
15.329021,1000,736.548929
-65.388663,1000,738.0181
-24.113856,1000,740.951324
-56.609661,1000,742.279544
-50.297335,1000,743.783458
-52.8985,1000,745.271682
-17.110083,1000,746.606069
-59.792993,1000,748.068392
-17.253664,1000,749.420973
-11.343814,107,749.588312
-41.318379,1000,750.988429
224.282127,211,751.338868
-38.593902,1000,752.70424
142.671335,622,753.672158
-24.36857,1000,756.28868
-44.424376,1000,757.521954
-8.009165,1000,759.0058
-41.337684,1000,760.422488
-52.560555,1000,761.748493
-35.071295,1000,763.205745
-43.297908,1000,764.501179
-42.87205,1000,766.140872
-39.874712,1000,767.70411
-12.794069,1000,769.27187
-20.835726,1000,772.239084
-32.264778,1000,773.70539
-49.501912,1000,775.205518
-19.124503,1000,776.609286
-43.951056,1000,778.020841
-16.657068,1000,779.440859
-29.190644,1000,780.988692
-52.365473,1000,782.606207
-35.274051,1000,784.155419
-47.811103,1000,785.672755
-27.365358,1000,788.671999
129.974799,733,789.611413
-56.598999,1000,790.705592
-46.376199,1000,791.597537
-32.039977,1000,792.955638
199.273303,236,793.314378
-52.064852,1000,794.844834
-31.383768,1000,796.240515
-57.737699,1000,797.755893
-48.040026,1000,799.391288
-21.851656,1000,801.022853
-23.427328,1000,803.739559
213.229499,399,804.289482
-30.602168,1000,805.784238
220.129403,488,806.522177
-40.332485,1000,807.870402
-40.004964,1000,809.43906
143.678691,928,810.888998
-37.464487,1000,812.472693
5.93803,1000,814.169391
13.371635,183,814.496507
-46.689327,1000,815.989133
55.35532,1000,817.739407
34.178462,1000,820.79183
247.110018,339,821.28899
166.295754,668,822.239434
-64.217955,1000,823.739905
232.284557,303,824.189124
229.10638,407,824.822519
80.820338,806,825.905653
-18.006959,1000,827.222699
185.523597,310,827.606417
-43.063801,1000,829.222458
-52.032667,1000,830.573291
-45.314772,1000,832.289433
-51.9616,1000,833.858912
178.921633,556,834.822628
188.01744,287,835.306917
151.911885,655,837.156774
-37.798864,1000,838.655952
262.304772,310,839.138386
-73.658655,1000,840.472827
209.844947,726,841.127418
270.046755,245,841.489918
171.063504,484,842.181271
-68.360136,1000,843.70664
255.583406,208,844.039623
192.169903,538,844.955922
-44.783124,1000,846.472764
259.030663,331,846.814953
280.118095,237,847.206598
147.022204,675,848.325465
39.827829,1000,849.890182
233.674792,358,850.456165
89.81022,930,853.089969
222.038819,222,853.296613
220.908394,564,854.131924
245.285188,432,854.771997
-55.221953,1000,856.139581
249.158468,207,856.464799
-57.751956,212,856.773054
191.056603,463,857.234068
-52.763554,1000,858.734819
281.533186,397,859.342475
197.085688,579,860.273517
-44.238983,1000,861.708518
67.202509,1000,863.157175
-58.337504,1000,864.706287
-52.419313,1000,866.273733
189.759769,452,867.989571
225.127239,311,868.457702
-79.294557,1000,869.739584
-63.973242,1000,871.189957
227.792155,228,871.526936
213.692387,583,872.390305
-58.741068,1000,873.922949
205.18321,758,875.206546
24.488912,158,875.473779
-42.663973,1000,877.056366
-42.580637,1000,878.606658
238.088058,422,879.292835
-57.180709,1000,881.006859
-50.011502,179,881.298104
203.74672,536,882.223277
-2.45791,147,882.39016
32.917512,186,882.689628
159.24917,811,885.022896
-65.190007,1000,886.541211
218.296094,297,886.992573
-60.091141,1000,888.449261
-54.520967,1000,889.769532
-51.046774,1000,891.225263
181.713226,531,892.026032
176.712942,535,893.050112
-34.928576,1000,894.774616
-54.806463,1000,896.292987
197.102631,603,897.216367
239.104426,188,897.51338
273.463038,186,897.80089
-2.601921,162,898.057016
-49.325121,1000,900.64768
146.505997,768,901.563066
-18.751177,1000,902.903602
42.517689,171,903.143384
183.998022,520,903.91365
-49.26318,1000,905.365599
250.295256,250,905.582373
245.888833,294,905.887894
-52.205526,1000,907.258098
-28.336235,1000,908.735036
247.665986,302,909.200099
-22.348232,1000,910.69909
-46.231154,1000,912.22647
-61.176806,1000,913.646701
215.020924,419,914.303495
-29.451258,1000,916.997586
250.203276,239,917.296262
176.412448,848,918.494772
243.788102,205,918.723251
23.303095,1000,920.218428
242.837951,240,920.586726
-37.772317,1000,921.78305
-58.409136,1000,923.270095
-45.727189,1000,924.661515
215.935247,278,925.093944
-0.495423,167,925.35969
-40.007269,1000,926.630623
-5.670612,1000,927.879135
127.060892,785,928.844489
-47.908708,1000,932.164975
-21.193552,183,932.440269
-38.888966,1000,933.952672
-55.664737,1000,935.303461
21.897215,1000,936.784575
-40.90979,1000,938.180494
166.587151,567,939.019987
253.131618,370,939.568263
261.547634,198,939.872575
-23.56746,1000,941.187536
215.158277,360,941.711434
214.133917,329,942.199062
-52.070996,1000,943.678823
-26.277116,1000,945.056824
263.603478,322,945.590379
-38.474485,1000,948.067959
-12.943988,1000,949.474928
138.799849,795,950.577794
-48.252242,1000,952.160659
123.017706,797,953.375757
-37.524202,1000,954.858772
179.232865,560,955.686817
100.080833,1000,957.036551
177.421012,369,957.614464
226.864255,377,958.189584
-54.932894,1000,959.715856
-37.009036,1000,961.241298
-56.983248,1000,963.912664
112.487268,969,965.400576
144.372722,842,966.657663
153.721444,769,967.764496
-48.617296,1000,969.230985
92.76154,938,970.613106
-23.074235,1000,972.128865
5.048709,1000,973.551372
256.186246,491,974.304854
178.913958,517,974.956345
179.486639,477,975.708618
209.589973,239,976.116978
-16.437616,1000,977.432695
247.199105,247,979.083851
208.266594,457,979.766132
-51.31733,1000,981.123752
187.600963,557,981.929634
-63.176376,1000,983.398952
120.548286,845,984.703578
-26.220328,1000,986.228944
91.551783,932,987.645236
179.12752,507,988.238025
-52.984906,1000,989.754554
-44.514041,1000,991.276335
-14.957647,1000,992.652032
21.511248,1000,995.444006
183.717993,465,996.154103
164.335899,766,997.214296
150.049201,799,998.29501
12.998502,1000,999.82567
12.529831,1000,1001.525109
228.946842,260,1001.939996
226.029741,517,1002.758342
204.916209,347,1003.385928
-29.037878,1000,1005.183221
221.247078,294,1005.655108
180.294291,659,1006.748746
-20.080802,1000,1008.387659
-33.543093,1000,1010.406695
-66.958536,1000,1013.568708
180.439588,570,1014.475713
145.380843,760,1015.664221
-50.33397,1000,1017.569607
118.256351,1000,1019.224184
221.963809,482,1020.141279
-28.969229,1000,1021.810921
185.5035,562,1022.706002
-31.345132,1000,1024.419363
-25.741364,1000,1025.990299
214.301466,371,1026.583851
-50.16292,1000,1028.280506
153.511766,659,1030.779728
127.347598,717,1031.72283
216.548568,973,1033.152414
-46.232529,1000,1034.941034
175.391871,679,1036.114456
167.370628,652,1037.241076
-31.171833,1000,1038.843428
208.334705,340,1039.462563
-59.540722,1000,1041.010148
-45.313247,1000,1042.674128
-28.18134,1000,1044.27794
211.338484,313,1044.794091
205.124823,248,1045.196706
-20.249841,157,1045.433943
-46.36946,1000,1048.198281
185.351092,505,1048.928921
123.458585,1000,1050.509066
105.443564,833,1051.521648
145.80794,746,1052.626793
107.371068,960,1053.78375
147.8391,848,1055.017632
219.73042,337,1055.51626
155.793364,636,1056.489717
128.891879,897,1057.879994
111.299624,933,1059.381906
169.603982,565,1060.214039
-48.193741,1000,1061.214729
191.189001,755,1064.020323
18.984609,1000,1065.372774
214.616453,269,1065.79905
252.527154,365,1066.376623
229.826524,409,1066.955223
-99.385854,1000,1068.328963
-30.461499,1000,1069.947251
88.54367,1000,1071.629297
-61.557285,1000,1073.355904
-55.364928,1000,1075.140774
180.179059,634,1076.324162
32.160493,152,1076.54362
124.754707,857,1078.059704
167.915352,497,1078.828083
194.549983,406,1079.562979
-20.642376,1000,1082.77544
-20.231635,1000,1084.689368
-50.272415,1000,1086.508191
54.609978,1000,1088.505486
189.571238,521,1089.493466
135.070651,1000,1091.202148
-55.742287,1000,1092.73767
61.684474,1000,1094.296603
204.820124,372,1094.91231
120.676681,698,1096.177735
152.935725,591,1097.417439
234.675865,236,1097.867677
98.609596,812,1099.144097
169.40503,589,1101.147497
137.977015,658,1102.233446
240.066282,203,1102.556051
88.236281,956,1104.073199
-40.261717,184,1104.380112
101.936103,1000,1105.922181
258.588456,193,1106.099208
98.979632,965,1107.189808
-8.438906,1000,1108.842995
250.703272,175,1109.117556
196.955432,391,1109.727046
-67.893698,1000,1110.972105
180.327133,690,1112.102406
97.94247,1000,1113.792147
-54.909508,1000,1115.410007
-65.153097,1000,1117.824542
164.509925,537,1118.639039
-72.951294,1000,1120.114648
149.925577,777,1121.302447
-43.068986,1000,1122.881831
-52.664721,1000,1124.382446
236.052415,333,1124.926255
160.772987,604,1125.916811
224.499222,476,1126.693912
222.189181,227,1126.991901
252.702186,188,1127.154072
-31.90562,1000,1128.817063
241.044566,240,1129.194922
167.067297,374,1129.820806
10.128242,1000,1131.401799
84.003144,1000,1133.958289
157.400112,741,1135.138126
119.463742,865,1136.426686
240.992775,250,1136.814
6.385467,285,1137.143656
61.143733,1000,1138.314861
-34.191153,1000,1139.765722
182.571157,439,1140.194803
-17.051677,1000,1141.841418
249.611918,310,1142.331491
-49.16604,1000,1143.880035
221.149994,480,1144.708402
-55.863692,153,1144.979326
217.419925,485,1145.664745
94.996418,1000,1147.240031
221.226125,347,1148.648099
186.269397,485,1149.226352
210.647204,338,1149.730944
259.85677,221,1150.074904
138.10616,800,1151.310304
-11.601345,1000,1152.901996
183.806523,513,1153.676227
-37.176636,137,1153.895779
93.513208,995,1155.406253
-20.329132,156,1155.613165
273.278732,359,1156.211584
113.997609,1000,1158.162198
-67.536729,1000,1159.816654
236.612825,267,1160.261766
-31.605208,1000,1161.96047
-41.507504,147,1162.201127
105.223168,1000,1163.887792
261.497399,280,1164.347189
259.883883,244,1164.78988
91.991491,983,1167.028824
137.568318,913,1168.014387
4.671797,147,1168.203099
189.5804,582,1168.901505
237.628522,295,1169.337063
209.914077,413,1170.062536
177.546396,578,1171.03148
219.172259,445,1171.850887
22.734217,1000,1173.488526
-47.391257,1000,1175.236866
219.942568,247,1175.677679
136.523223,764,1176.954612
156.138362,766,1178.09726
-36.376205,1000,1179.619276
125.077887,957,1182.611735
175.816487,695,1183.742595
201.117415,509,1184.552915
137.443719,812,1185.858821
241.309192,463,1186.6237
161.645228,743,1187.781551
-52.297139,1000,1189.36438
-34.043299,1000,1190.900096
210.940551,394,1191.550605
217.824653,317,1192.081459
3.434257,147,1192.283141
207.057294,595,1193.26782
214.389553,294,1193.748648
222.955862,350,1194.309074
83.149166,1000,1195.841118
202.195548,233,1196.248907
219.489044,439,1196.980061
-54.037804,1000,1199.629614
229.766457,325,1199.951057
242.791415,280,1200.247741
-17.036538,143,1200.463971
229.6179,440,1201.111192
17.160161,157,1201.255515
170.270661,637,1201.941377
229.315348,222,1202.294808
212.472367,368,1202.860846
199.969786,546,1203.706087
222.549781,428,1204.425594
233.081105,335,1205.009903
255.024185,502,1205.60128
212.343402,371,1206.225722
-25.497541,1000,1207.850955
130.462012,991,1209.086324
209.500008,438,1209.64091
233.124077,414,1210.248725
221.068579,303,1210.672284
180.311152,690,1211.676666
234.65716,315,1212.179635
190.111251,571,1213.172624
219.603416,355,1213.798536
186.715625,410,1215.324721
234.297474,353,1215.736062
212.78892,379,1216.239969
271.414258,240,1216.445704
148.586397,785,1217.538256
270.648241,276,1217.978443
248.053801,260,1218.412647
221.744738,244,1218.810179
227.493943,302,1219.292329
183.092705,449,1220.06539
88.703458,948,1221.391192
191.67995,569,1222.312267
52.459272,1000,1223.708336
235.511196,392,1224.081925
-29.383521,1000,1225.09535
111.695103,932,1226.532841
230.426417,358,1227.12167
-49.071615,1000,1228.666251
223.048637,291,1230.59839
-30.502878,1000,1232.106004
254.221371,249,1232.476976
36.898363,166,1232.745908
208.236464,251,1233.123616
207.121119,609,1234.073649
193.208893,617,1235.012334
-5.593746,173,1235.195716
251.398981,300,1235.656077
213.699902,399,1236.267998
147.592951,599,1237.177879
238.213431,364,1237.752277
208.805953,560,1238.691852
251.965011,369,1239.319457
13.115572,1000,1240.968371
202.284627,330,1241.383444
253.565973,188,1241.666425
154.773248,1000,1243.331658
-3.498705,119,1243.523475
154.622996,707,1244.610106
-55.003159,148,1244.757901
236.301991,422,1245.440118
-47.505209,1000,1248.049404
246.337013,231,1248.407896
237.908718,290,1248.888789
210.573817,349,1249.424426
228.50691,257,1249.814894
207.545015,345,1250.354333
242.829116,473,1251.076079
236.526297,219,1251.426347
78.378436,1000,1252.996015
229.56262,316,1253.508171
225.081245,174,1253.787644
273.249622,639,1254.675334
262.592623,221,1254.973223
240.992591,333,1255.373884
212.563487,324,1255.91851
95.042006,1000,1257.407244
262.937662,263,1257.763599
-8.741662,155,1258.009534
243.792524,445,1258.761365
-35.584671,1000,1260.408655
-57.390368,1000,1262.07627
239.576449,441,1264.432705
104.581088,888,1265.707459
-26.58359,1000,1267.274506
-25.265353,1000,1268.792629
257.063248,249,1269.17975
61.138113,1000,1270.297006
-52.011846,1000,1271.855662
249.585694,235,1272.217881
10.999348,1000,1273.871889
223.422776,194,1274.199225
19.311189,174,1274.503111
91.076238,1000,1276.332287
155.215635,539,1277.229435
-40.24607,1000,1278.764464
8.751726,1000,1280.926469
215.109883,311,1281.37716
221.202507,550,1282.093652
216.216727,654,1283.103316
58.3804,1000,1284.69218
149.941967,709,1285.649012
219.6069,311,1286.181803
246.070211,284,1286.660523
232.514937,263,1287.003367
244.667926,255,1287.41877
95.518515,1000,1289.029049
137.542147,798,1290.251345
267.873641,229,1290.624547
218.041502,258,1291.044809
242.979631,283,1291.492157
208.175303,316,1292.018834
205.457416,489,1292.553678
254.2144,302,1292.980312
122.03113,788,1294.229826
223.733754,267,1294.576566
235.046854,274,1294.816028
-32.916908,1000,1296.99947
250.189885,900,1298.34681
210.871148,372,1298.731071
63.091278,1000,1300.253746
239.845729,236,1300.627333
235.475941,375,1301.195205
229.669391,197,1301.490184
224.393424,216,1301.828252
-14.680124,1000,1303.345653
236.756436,370,1303.980894
236.863587,254,1304.398841
62.431258,1000,1306.089314
-75.480158,1000,1307.528768
194.439087,345,1308.059676
113.665806,1000,1309.632326
238.59892,286,1310.085868
241.312009,287,1310.540514
287.441129,371,1311.099056
245.037043,252,1312.452571
245.405173,321,1312.726292
224.815427,297,1313.011645
95.902041,1000,1314.488595
197.748792,682,1315.522598
238.309002,337,1316.027352
224.160446,229,1316.378995
66.877085,1000,1317.791428
221.759876,594,1318.663653
169.764587,435,1319.319355
94.499114,1000,1320.797581
229.158906,383,1321.305494
193.994346,555,1322.229417
-37.988967,1000,1323.82274
-49.039593,304,1324.360629
175.257849,717,1325.482568
229.262963,288,1325.938198
110.99379,1000,1328.936749
110.742298,1000,1330.465531
64.45702,1000,1331.871316
1.955172,1000,1333.244278
245.668576,250,1333.482848
193.608789,408,1334.101306
192.1656,372,1334.665822
-238.701305,707,1335.74167
243.090481,216,1336.07121
202.876826,349,1336.593138
237.15666,469,1337.311289
252.913404,250,1337.696371
246.575716,270,1338.121545
220.205535,434,1338.718139
206.501334,233,1338.975633
267.469587,302,1339.269973
194.063962,342,1339.577193
245.725497,184,1339.783707
97.209022,1000,1341.400864
83.156672,1000,1343.817172
248.1783,204,1343.983678
190.090112,524,1344.600858
242.652587,248,1344.958852
217.73895,295,1345.212541
206.384753,305,1345.4769
11.869939,138,1345.595215
202.907594,598,1346.281325
-65.980077,1000,1347.787752
219.63873,203,1348.076312
177.255596,570,1348.877669
197.730954,603,1349.849958
117.726817,1000,1351.318351
240.523844,203,1351.65613
268.694264,315,1352.231267
262.660309,167,1352.532931
232.019174,507,1353.283887
208.315876,916,1354.592772
235.002815,191,1354.780825
245.85427,264,1355.049559
195.347358,596,1355.732972
256.840754,223,1356.041454
259.758618,353,1356.619733
36.427892,1000,1358.494285
228.450417,987,1359.71674
244.148251,262,1360.03159
96.468818,1000,1361.284338
-55.607707,1000,1362.564817
203.807609,521,1363.154615
-59.510336,180,1363.343247
239.042423,335,1363.731184
221.526998,345,1364.208081
276.370004,443,1364.816321
250.024995,239,1365.153502
13.198903,1000,1366.36676
222.125773,296,1366.705748
198.219247,628,1367.577698
267.7965,314,1367.963338
240.947492,325,1368.338578
235.947625,241,1368.609763
256.856782,355,1368.99707
218.594226,302,1369.36823
-9.208475,164,1369.540218
2.380192,278,1369.956883
198.961781,412,1370.959734
279.78351,428,1371.484342
129.81294,1000,1372.841019
246.463597,224,1373.101443
244.342884,286,1373.405913
217.388734,276,1373.696174
83.324337,1000,1374.836535
87.245222,1000,1375.9388
241.084498,271,1376.277398
192.704712,540,1377.008648
148.169226,717,1377.968234
214.627464,510,1378.569966
251.176814,219,1378.773619
116.194218,1000,1379.802615
261.289011,909,1380.813746
207.8133,387,1381.311276
270.403711,317,1381.627398
270.859398,313,1382.058763
-5.990306,171,1382.258562
221.950667,376,1383.952805
243.267034,296,1384.259345
215.717818,305,1384.536556
252.866997,261,1384.936722
213.717981,434,1385.578082
221.892682,349,1385.942838
-9.851035,1000,1387.153382
224.12542,447,1387.712928
223.705174,208,1387.923458
264.807418,229,1388.233986
190.795122,552,1388.960895
236.066004,265,1389.293018
94.440399,1000,1390.661375
177.946089,634,1391.390232
30.209633,1000,1392.569599
17.059642,1000,1393.757477
229.117613,336,1394.145796
262.023255,262,1394.431031
223.324208,478,1394.890151
236.018923,319,1395.35095
-2.474553,1000,1397.138816
219.624822,418,1397.653658
211.309423,304,1398.068681
-62.261764,1000,1399.149783
-61.054374,209,1399.371107
234.902208,356,1399.885311
208.459855,517,1400.505198
242.362449,353,1400.994862
227.71614,241,1401.370486
103.377182,1000,1402.619978
14.184555,255,1402.958249
247.502724,238,1403.278037
239.588378,258,1403.579699
262.866764,235,1403.840332
-32.737841,222,1404.093363
206.546111,436,1404.698907
222.920764,295,1404.998027
102.943765,1000,1406.052124
245.260711,233,1406.306365
243.345028,256,1406.542015
38.638262,1000,1407.76304
209.837561,378,1408.167031
-26.079952,191,1408.394377
260.037747,188,1409.563174
275.136642,465,1410.184368
247.488805,471,1410.763317
41.246463,163,1411.042117
225.68153,919,1412.182288
100.054512,1000,1413.42453
92.984982,1000,1414.854435
-0.388791,177,1415.111094
29.68799,155,1415.281477
224.813242,186,1415.535881
244.94594,272,1415.890636
211.296686,381,1416.357916
247.51798,254,1416.686741
219.526842,422,1417.371624
230.173303,432,1417.983319
193.717702,894,1419.160194
249.857966,258,1419.437337
220.51639,376,1419.863887
24.980269,1000,1421.1387
-43.339407,181,1421.350333
225.259434,384,1421.813153
239.664857,306,1422.187925
