#{"t_start": 1782797130.064722, "env_id": "LunarLander-v3"}
r,l,t
-365.385724,123,0.032876
-139.767574,91,0.103118
-214.195727,68,0.136649
-39.253132,100,0.219082
-177.474823,102,0.26667
-413.559948,96,0.332186
-165.601201,85,0.40018
-235.546013,81,0.448858
-130.312559,103,0.519726
-441.487511,88,0.58901
-287.384623,92,0.632814
-174.319677,98,0.708803
-275.871952,112,0.765511
-122.991942,110,0.849036
-101.227219,82,0.90096
-86.956984,88,0.965656
-78.341369,56,0.998894
-305.954097,95,1.065546
-63.99358,60,1.101042
-110.513473,65,1.132283
-300.692978,103,1.201264
-124.454779,72,1.249169
-72.377567,65,1.30603
-194.694765,150,1.40431
-9.963828,107,1.48259
-181.584733,79,1.524812
-130.431989,90,1.591986
-13.745897,100,1.665219
-167.052777,112,1.715513
-193.120645,68,1.748847
-179.337785,73,1.816669
-207.764824,67,1.863837
-332.442141,134,1.952716
-155.557368,98,2.022024
-68.665444,65,2.065307
-137.086901,126,2.154734
-191.828912,114,2.22517
-175.950277,120,2.317506
19.550486,122,2.377689
-274.913926,105,2.459479
-73.739825,66,2.481998
-242.787478,117,2.572576
-121.162166,92,2.631799
-166.757905,67,2.693474
-115.157509,70,2.715516
-570.225963,105,2.802981
1.632469,100,2.879674
-115.048227,77,2.933109
-323.494512,70,2.994716
-88.193714,71,3.015228
2.318304,86,3.093423
-128.388163,109,3.146005
-136.529452,131,3.230489
-131.215425,73,3.279682
-425.568324,76,3.311657
-236.268553,83,3.34781
-250.600279,79,3.398313
-144.832584,118,3.483821
-277.661917,93,3.554628
-92.134955,120,3.626072
-50.468982,62,3.671156
-94.682869,97,3.730373
-91.159449,68,3.778801
-95.935443,70,3.832035
-54.812596,95,3.902651
-384.559734,109,3.969063
-401.568004,113,4.044277
-162.809316,64,4.07478
-60.991084,70,4.104372
-161.206353,85,4.181731
-108.918062,89,4.221156
-151.956107,69,4.2811
-129.030452,93,4.354377
-92.523124,96,4.421416
-89.212868,74,4.483981
-187.032783,72,4.528612
-392.733085,120,4.58385
-189.652457,100,4.650139
-168.941323,128,4.717634
-396.327189,131,4.816871
-67.717727,60,4.865899
-426.141518,105,4.916796
-139.518005,69,4.965136
-113.019082,70,5.026434
-49.771418,109,5.083726
-199.315573,111,5.14786
-104.773643,62,5.19757
-287.331986,80,5.233142
-193.51042,69,5.28672
-308.813432,100,5.332469
-266.673702,114,5.384053
-108.363734,92,5.450711
-78.150133,100,5.526098
-70.603297,66,5.570354
-96.606507,69,5.62566
-377.807092,95,5.667452
-75.605266,74,5.73382
-97.641086,102,5.796919
-177.297497,129,5.88191
-179.529545,73,5.916864
-324.361836,118,5.999482
-198.851887,62,6.050921
-176.092505,79,6.089045
13.342347,104,6.1589
-147.590211,90,6.228298
-241.422667,105,6.284807
-215.498741,98,6.363431
-144.254509,93,6.402972
-117.711829,73,6.440499
-125.630871,110,7.32748
-127.979309,77,7.369172
-37.020531,119,7.438096
-82.848207,72,7.468533
-157.535908,125,7.569987
-275.007525,113,7.643394
-85.362308,62,7.69561
-192.178188,76,7.735292
-128.879353,91,7.782025
-161.968806,119,7.850283
-228.94505,84,7.915132
-163.996074,82,7.95809
-157.315207,73,8.004532
-203.057241,60,8.03355
-133.964376,115,8.120188
-466.142615,125,8.184698
-242.822129,102,8.2516
-199.314064,95,8.316632
-189.29926,81,8.382663
-187.961203,95,8.446103
-152.489482,116,8.515141
-455.448421,115,8.589141
-61.758959,69,8.658943
-133.907306,106,8.715283
-267.785122,90,8.764817
-235.487752,92,8.815998
-69.227722,94,8.899667
-74.580465,73,8.945531
-156.988803,86,9.000942
-112.954226,97,9.070107
-83.295042,70,9.112177
-236.311686,74,9.173246
-17.608858,80,9.214211
-96.721778,65,9.263247
-208.74869,97,9.318255
-141.052987,92,9.370667
-270.407449,95,9.43958
-16.020296,78,9.486033
-318.046377,95,9.54612
-66.515086,71,9.601092
-278.410561,92,9.646251
-54.57629,61,9.684193
-202.120465,129,9.735045
-322.439647,116,9.804117
-150.381775,154,9.881763
-356.764767,82,9.941982
-152.790383,98,9.988548
-281.975775,85,10.028338
-103.287875,118,10.100339
-212.590428,104,10.166914
-334.264702,78,10.213288
-150.974928,96,10.281716
-104.386236,96,10.344811
-238.937659,88,10.413373
-12.079313,1000,11.033669
-105.149763,124,11.098596
-145.418838,109,11.145421
-112.818912,78,11.200491
-184.469864,83,11.260974
-97.132911,81,11.318359
-137.786032,98,11.376431
-191.405345,92,11.434325
-94.392969,73,11.464036
-160.062452,98,11.549687
-110.622095,64,11.565715
-87.406187,99,11.644845
-57.803878,74,11.705718
-469.273222,146,11.793741
-123.594462,103,11.873044
-117.051466,118,11.955162
-106.071085,84,11.998683
-171.539678,92,12.068311
-215.12776,90,12.125344
-48.733554,65,12.152599
-288.305031,113,12.221356
-93.013362,106,12.283391
-158.745692,140,12.364908
-65.00939,72,12.415089
-119.957108,80,12.464926
-124.536961,73,12.515245
-397.572902,89,12.592934
-261.662408,103,12.658513
-117.67493,116,12.719669
-182.70153,69,12.774437
-277.482324,111,12.831478
-343.041594,84,12.865022
-144.980769,109,12.932991
-257.005113,99,13.0042
-143.778105,70,13.060296
-46.362195,69,13.104651
-154.269187,59,13.149951
-326.667124,115,13.223268
-170.586763,94,13.26831
-92.768797,69,13.315705
-66.755635,65,13.359827
-404.793503,99,13.415995
-184.608546,77,13.480273
-217.583173,88,13.546292
6.532224,137,15.187176
-101.388287,85,15.235204
-136.113704,86,15.298835
-105.32562,105,15.377897
-197.652148,95,15.441051
-146.255253,57,15.488802
-85.494645,89,15.552384
-213.640998,135,15.63202
-375.250878,114,15.72204
-79.471273,93,15.775301
-90.195327,64,15.822307
-125.136092,77,15.886087
-64.376521,71,15.933622
-175.279325,91,15.99723
-59.371606,148,16.097234
-130.73451,87,16.156879
-115.559048,121,16.252306
-62.237089,73,16.300704
-192.169111,98,16.36397
-336.774005,111,16.443853
-158.689139,73,16.491291
-139.345259,93,16.570704
-113.984767,77,16.624312
-64.88307,66,16.665484
-124.15864,131,16.760409
-166.307412,73,16.807865
-213.062448,98,16.887242
-141.232566,73,16.934851
-117.723543,91,16.99812
-129.109468,85,17.061388
-117.490417,114,17.140796
-125.97107,76,17.204023
-139.588988,96,17.26721
-179.590164,99,17.346221
-167.089642,78,17.393752
-107.398159,68,17.441568
-123.694432,70,17.504858
-280.364745,72,17.552239
-285.150433,102,17.627266
-133.701769,120,17.710481
-74.46156,68,17.758199
-159.299258,99,17.837246
-118.393717,98,17.900453
-135.116895,97,17.96371
-167.626179,73,18.028051
-198.055873,116,18.106357
-172.873733,76,18.15379
-208.503299,101,18.232832
-129.28522,93,18.29611
-149.425042,73,18.359262
-101.657899,98,18.429106
-107.151833,75,18.485706
-217.094574,114,18.56477
-353.762688,113,18.6442
-117.067806,78,18.707418
-454.282555,120,18.78649
-84.11787,77,18.849697
-132.417788,119,18.930398
-349.841382,107,19.008449
-115.035534,103,19.087525
-76.076369,120,19.166665
-336.883928,82,19.230923
-188.472202,75,19.293481
-163.49571,107,19.372462
-309.245268,88,19.435749
-97.762998,80,19.483208
-253.252467,84,19.546805
-84.830652,83,19.610062
-167.574654,137,19.705099
-135.736291,114,19.784053
-97.494911,108,19.8635
-121.575333,114,19.958365
-161.729487,95,20.021657
-97.254325,70,20.069079
-199.706275,122,20.164246
-230.918772,93,20.233657
-41.642518,73,20.274925
-110.02074,120,20.369816
13.068767,84,20.496711
-110.298579,76,20.559893
-111.350007,95,20.63493
-102.123891,62,20.670633
-136.115126,101,20.750015
-85.421602,59,20.797478
-13.911889,120,20.876842
-91.687656,66,20.935937
-162.987389,113,21.01912
-61.52453,116,21.098656
-213.22146,131,21.193577
-156.520471,91,21.256788
-70.301467,110,21.336662
-280.288104,86,21.39974
-127.969399,103,21.47842
-317.846706,87,21.541492
-203.420745,118,21.636922
-162.646039,60,21.683475
-345.297022,78,21.746801
-250.687701,102,21.82561
35.042824,77,21.873086
-155.704619,70,21.937382
-245.85925,129,22.03725
-141.439336,90,22.093414
-120.66349,80,22.157481
-94.049946,126,22.268383
-59.297434,82,22.316079
-120.166179,88,22.395334
-325.405082,97,22.458064
-120.641083,58,23.406817
-419.183452,96,23.486159
-73.246338,78,23.539315
-111.333871,83,23.596847
-397.279204,86,23.660162
-141.84896,78,23.723496
-147.150626,117,23.803013
-110.494899,85,23.866182
-183.650114,104,23.945263
-158.248366,127,24.040776
-112.910699,86,24.103823
-366.368446,99,24.16701
-85.463934,116,24.246125
-108.295847,78,24.309391
-146.889022,121,24.404522
-85.725574,60,24.441876
-123.604301,65,24.483661
-201.746091,89,24.546908
-111.869522,79,24.610244
-122.445781,91,24.67376
-90.354206,93,24.742563
-307.030378,89,24.800655
-77.825607,91,24.879741
-64.285045,94,24.942999
-74.662233,93,25.006354
-106.256692,96,25.085582
-236.913819,92,25.148709
-177.079221,100,25.211963
8.137064,83,25.275464
-83.606141,77,25.338869
-87.328267,73,25.386272
-128.793778,91,25.449528
-129.63405,100,25.52868
-77.536475,88,25.592226
-126.604327,91,25.655495
-372.342792,116,25.750409
-129.738526,106,25.829545
-137.534973,72,25.877238
-137.945141,150,25.987989
-78.95291,82,26.051194
-13.887669,116,26.130299
-154.996272,92,26.193895
-131.618475,123,26.288732
-144.297964,76,26.351974
-93.352451,101,26.415273
-133.226592,67,26.463191
-109.860752,79,26.526434
-116.576357,77,26.573816
-64.276034,65,26.621284
-94.5895,74,26.684495
-161.474953,140,26.77958
-167.03714,110,26.874409
-345.985291,108,26.953633
-113.09139,125,27.03281
-140.224544,98,27.112335
-122.661476,115,27.191424
-165.711159,84,27.254627
-71.708576,148,27.365284
-522.433918,90,27.428602
-82.032671,90,27.491964
-112.589403,71,27.555142
-185.825726,77,27.602515
-154.814542,99,27.681698
-143.145828,105,27.760798
-160.911617,72,27.808259
-118.406414,85,27.871487
-90.61681,124,27.950639
-102.348811,90,28.02969
-141.240125,111,28.108974
-88.396563,73,28.156276
-216.274826,131,28.251627
-96.505816,79,28.314704
-239.812826,100,28.377918
-102.93489,113,28.472888
-82.459007,79,28.520389
-182.038174,144,28.631548
-137.74645,120,28.726406
-326.041974,92,28.789643
-71.140948,82,28.853928
-63.385257,58,28.884853
-112.304346,135,28.99561
-183.146834,103,29.074559
-106.330938,82,29.12232
-95.184001,73,29.18585
-119.118459,89,29.255362
-243.060912,95,29.328185
-171.753586,80,29.375526
-136.359961,110,29.455706
-106.43641,91,29.534128
-151.857188,120,29.613154
-94.520662,84,29.676377
-139.031001,69,29.723836
-144.995118,84,29.786955
-217.681217,104,29.866045
-103.517712,57,29.897658
-175.091221,55,30.151503
-170.911435,135,30.246391
-133.43166,62,30.293802
-117.146472,108,30.37269
-137.829117,109,30.451826
-82.759229,68,30.499167
-41.221995,74,30.558287
24.818196,78,30.609791
-230.592534,83,30.673505
-125.373448,89,30.736718
-147.897435,120,30.815713
-80.409932,96,30.89474
-115.512974,96,31.560862
-40.198048,75,31.606573
-116.662085,77,31.66986
-217.73549,67,31.717243
-122.463225,98,31.780469
-153.948368,105,31.861696
-167.348263,102,31.923314
-86.91731,80,31.98663
-85.427977,82,32.04982
-92.268853,71,32.097287
-143.251869,104,32.17672
-180.849233,112,32.255729
-76.085607,70,32.303119
-77.870594,59,32.334731
-148.394749,75,32.398054
-127.332027,136,32.493419
-124.603095,101,32.572481
-115.330562,126,32.6638
-141.524719,103,32.730673
-128.274065,96,32.794363
-81.475299,82,32.864305
-162.271719,97,32.936695
-79.162508,70,32.984433
-105.943808,131,33.079747
-89.853169,75,33.142975
-181.361711,73,33.190459
-112.430567,66,33.237895
-83.317353,104,33.316966
-215.884938,101,33.380673
-212.016604,126,33.475638
-95.094492,98,33.554643
-117.453751,116,33.633779
-136.89353,133,33.729124
-144.151383,110,33.824276
-99.322534,80,33.871754
-122.494932,100,33.950868
-129.295638,79,33.998763
-198.068323,116,34.093598
-273.987693,97,34.156792
-103.506683,100,34.220083
-118.053272,112,34.315311
-88.329492,93,34.378552
-366.21019,115,34.457567
-157.003621,69,34.505071
-75.653984,80,34.568907
-127.870189,80,34.632053
-56.12562,61,34.679492
-149.676701,70,34.727053
-124.848722,124,34.82197
-124.522647,115,34.969803
-180.98542,73,35.011973
-80.667781,140,35.122579
-179.128953,86,35.170053
-129.276882,109,35.265091
-281.740576,83,35.312595
-84.79932,67,35.370675
-117.790611,94,35.438974
-129.326801,67,35.486449
-345.000125,115,35.570684
-114.108285,120,35.644475
-141.014124,91,35.707725
-206.342705,78,35.770947
-120.550837,70,35.818363
-155.29253,119,35.897345
-62.764791,73,35.960706
-279.346662,85,36.008269
-155.471627,85,36.071504
-48.526809,64,36.118971
-112.813195,65,36.172067
-134.347544,68,36.214091
-76.75324,75,36.277194
-106.1249,76,36.324661
-127.745709,117,36.404023
-160.110235,94,36.483125
-160.677899,138,36.577974
-22.975591,113,36.657084
-103.244838,77,36.704797
-80.354283,104,36.783898
-85.967169,74,36.831285
-103.085181,104,36.910324
-144.492217,113,36.989741
-95.602141,72,37.037185
-137.517202,94,37.11625
-119.320789,113,37.195322
-110.136893,72,37.242944
-192.258861,108,37.322371
-74.563284,95,37.385646
-141.949753,67,37.433051
-63.082709,82,37.543904
-75.518946,117,37.638962
-182.158073,84,37.686376
-31.222224,63,37.733874
-340.067533,117,37.812996
-111.012362,72,37.87685
-91.336895,109,37.955694
-209.911959,106,38.018958
-141.922091,106,38.098169
-75.598445,111,38.177727
-128.28644,93,38.24092
-179.060025,104,38.319863
-151.610198,130,38.41475
-307.336541,122,38.494114
-114.896152,77,38.557328
-105.750185,147,38.668084
-111.212834,79,38.715564
-112.469183,80,38.779394
-125.237895,107,39.380537
-294.451472,97,39.45962
-87.77379,79,39.507109
-88.73355,88,39.581014
-134.246955,94,39.633627
-150.38476,99,39.712701
-129.643846,112,39.79188
-121.595968,64,39.839384
-93.825492,90,39.902584
-84.536095,62,39.949907
-80.054726,130,40.045135
-90.002565,68,40.092674
-167.234648,84,40.155938
-185.482565,103,40.219189
-10.825235,77,40.283149
-84.638052,129,40.377793
-146.740509,80,40.425216
-140.708513,90,40.488442
-85.940796,103,40.567426
-244.498079,96,40.631049
-86.750275,104,40.710091
-313.4648,101,40.78916
-93.125198,136,40.885034
-61.26899,64,40.931764
-211.833204,72,40.985059
-321.158418,131,41.074164
-136.659431,92,41.137451
-127.129065,97,41.216957
-67.423417,66,41.264379
-80.811655,75,41.327759
-99.710645,86,41.390997
-119.326137,65,41.438426
-94.337263,94,41.501699
-89.512641,81,41.56498
-71.513419,109,41.644002
-107.621024,74,41.707194
-185.492959,122,41.786316
-114.191434,88,41.849525
-113.366488,67,41.896974
-61.569893,66,41.960181
-91.788407,100,42.02347
-225.368106,79,42.087274
-81.007582,100,42.165668
-344.545659,95,42.22886
-135.429706,96,42.307952
-108.639064,100,42.371192
-93.030977,73,42.434778
-94.935826,68,42.482204
-122.701367,74,42.529689
-357.267297,86,42.592898
-312.01219,114,42.689306
-182.497099,111,42.766637
-251.802778,99,42.829924
-156.207827,74,42.893088
-70.059125,109,42.972147
-128.202087,74,43.019997
-185.041676,75,43.083237
-109.04516,113,43.162363
-96.785704,85,43.225545
-72.214049,67,43.273214
-123.844801,87,43.542389
-75.59165,69,43.591972
-81.646485,64,43.637652
-90.929334,77,43.700907
-95.990823,73,43.748302
-146.364501,88,43.81153
-346.91262,100,43.874779
-70.027876,101,43.953648
-527.506582,125,44.048537
-87.340391,83,44.095985
-140.949116,117,44.193548
-81.084462,60,44.222406
-99.928765,88,44.293839
-50.102853,133,44.396373
-136.847462,74,44.443789
-53.256848,74,44.494551
-159.880249,111,44.570409
-119.582561,98,44.649464
-121.361141,82,44.712987
-93.134334,100,44.77623
-189.114739,113,44.855291
-164.924564,119,44.950108
-49.795615,76,44.997558
-142.481019,139,45.096692
-132.928196,100,45.171561
-141.107757,90,45.234784
-121.205208,92,45.297325
-140.506295,100,45.376543
-289.041916,103,45.4397
-125.51178,103,45.518847
-112.030921,106,45.59789
-55.440635,87,45.661094
-95.847537,87,45.724327
-115.698612,78,45.771756
-111.28063,106,45.850734
-129.676718,80,45.914013
-112.191371,75,45.961415
-141.302777,101,46.04061
-121.540216,84,46.103817
-181.185762,108,46.182899
-208.902131,111,46.26194
-147.097978,133,46.356937
-116.779824,114,46.435957
-94.05628,75,46.499116
-134.936489,87,46.562386
-142.031051,85,46.625597
-125.570459,97,46.704569
-160.542145,116,46.783644
-80.823706,121,47.479611
-110.93729,91,47.542899
-101.636403,107,47.621973
-178.833355,90,47.685157
-371.439705,117,47.780473
-103.625565,73,47.827932
-213.294888,134,47.92283
-163.661321,117,48.018251
-104.926897,100,48.081566
-102.514828,81,48.144922
-352.326882,89,48.208278
-96.795331,65,48.255729
-99.474916,64,48.303674
-101.332179,70,48.350929
-96.830286,86,48.430197
-86.881107,105,48.509282
-128.405961,121,48.58832
-80.675628,95,48.667438
-179.408722,107,48.746612
-82.946439,77,48.804392
-87.100342,80,48.85735
-121.227685,94,48.920544
-205.689266,111,49.004931
-77.691338,63,49.047167
-139.070401,118,49.14219
-93.118711,90,49.205399
-28.83528,151,49.331864
-153.544427,109,49.411126
-186.963335,112,49.490215
-62.520152,71,49.53766
-151.16237,82,49.606123
-99.102042,66,49.648368
-150.775526,124,49.743254
-74.391539,70,49.790662
-61.170884,74,49.8539
-176.433043,80,49.90651
-163.465039,92,49.980475
-116.613041,76,50.027907
-138.641452,101,50.106932
-277.816784,97,50.170215
-130.046691,105,50.265157
-146.364522,114,50.344258
-155.132599,92,50.407535
-125.103085,137,50.507667
-140.306835,103,50.581621
-55.854068,84,50.644836
-77.293132,75,50.708113
-111.611491,85,50.771384
-339.417619,108,50.850447
-125.004528,94,50.913685
-92.174993,73,50.977026
-79.51645,71,51.02446
-72.297934,89,51.087738
-148.439353,84,51.151073
-385.567262,86,51.214354
-186.013648,112,51.309244
-128.334446,96,51.372461
-102.989917,104,51.451507
-246.156787,128,51.546412
-88.314413,89,51.610705
-394.141322,95,51.688641
-231.120854,103,51.767673
-68.046351,75,51.815015
-87.173106,121,51.911477
-23.432601,86,51.973565
-96.809087,83,52.036859
-252.664438,83,52.099946
-104.601196,76,52.147159
-100.460436,88,52.212461
-98.380975,74,52.273593
-119.321082,97,52.352915
-155.909819,108,52.416414
-46.64284,136,52.527066
-54.937962,68,52.574481
-114.555733,115,52.66943
-90.541225,66,52.716942
-103.316647,122,52.813803
-120.130649,70,52.860146
-15.054901,98,52.939181
-112.709463,100,53.0143
-146.979344,98,53.081656
-88.13484,108,53.160666
-73.860708,85,53.223925
-140.758326,76,53.271337
-109.465784,99,53.350459
-145.648092,107,53.430145
-41.748675,92,53.493419
-106.305389,95,53.57247
-105.844298,101,53.651558
-220.242435,100,53.715986
-101.40284,78,53.778551
-261.522221,836,54.411941
-44.959558,72,54.459512
-68.145415,73,54.522762
-101.135161,111,54.601852
-108.140882,80,54.665395
-149.445393,105,54.744429
-196.198961,111,54.823573
-119.752268,79,55.583116
-69.600373,73,55.630602
-86.323618,118,55.725459
-127.36732,108,55.804507
-104.145582,121,55.883984
-87.675623,115,55.978859
-102.025694,93,56.042074
-103.736516,75,56.105296
-59.615534,75,56.153152
-86.621508,78,56.21639
-157.303195,99,56.295456
-125.885348,82,56.342881
-102.051514,80,56.406052
-60.054627,108,56.485176
-156.820928,62,56.532648
-154.211963,107,56.624325
-113.270366,105,56.690626
-99.311303,85,56.754262
-156.290455,67,56.817497
-91.377702,84,56.880666
-92.092115,126,56.959737
-308.315947,99,57.039266
-121.100452,110,57.125573
-151.747397,121,57.213194
-95.242195,64,57.26067
-117.551383,77,57.326007
-114.687636,97,57.387559
-102.324707,109,57.466645
-70.319141,94,57.545799
-125.326208,106,57.626465
-240.086304,115,57.703937
-119.864194,99,57.783098
-75.855349,80,57.846309
-71.250632,121,57.941003
-157.545875,104,58.004391
-137.948381,70,58.067621
-66.380479,130,58.162426
-123.488023,136,58.25736
-136.045833,97,58.336471
-81.425969,94,58.399679
-139.543543,114,58.478927
-154.512276,66,58.529721
-109.940255,79,58.589776
-106.110248,82,58.652944
-111.693683,77,58.716233
-124.421628,62,58.748041
-114.66211,98,58.830793
-81.453363,93,58.906181
-99.359152,71,58.953553
-97.461314,79,59.016815
-54.868422,76,59.064271
-140.924728,85,59.131609
-159.430577,103,59.206608
-85.888366,94,59.269776
-129.603095,68,59.317213
-169.330035,126,59.411441
-159.14182,87,59.474736
-107.315339,132,59.569745
-95.817186,100,59.632968
-81.324712,87,59.711972
-105.885358,105,59.775238
-66.780939,78,59.838548
-98.456017,109,59.917529
-76.724425,83,59.981037
-94.201317,86,60.044298
-47.324879,88,60.107631
-111.079344,124,60.202473
-160.398149,117,60.281847
-123.561093,90,60.360913
-126.861334,126,60.455729
-54.617658,102,60.534841
-291.775325,108,60.614302
-93.480203,74,60.66168
-78.773704,68,60.709116
-185.714241,92,60.788047
-101.852008,73,60.836643
-91.417446,68,60.883348
-95.99392,87,60.946671
-127.267831,135,61.057276
-143.62468,103,61.13747
-79.960867,72,61.184305
-98.909307,113,61.263329
-141.569489,105,61.342379
-237.541652,92,61.421366
-108.605983,96,61.484577
-197.328932,88,61.547843
-75.183846,106,61.64268
-163.100824,57,61.674252
-204.072496,90,61.753237
-143.345569,97,61.816472
-204.911577,115,61.911385
-88.120364,70,61.958798
-56.732903,76,62.022049
-150.176268,123,62.101112
-101.87468,121,62.341687
-86.410395,87,62.401741
-91.71461,94,62.480909
-218.603689,129,62.576293
-144.816528,89,62.642743
-175.535965,123,62.734331
-171.61995,111,62.813402
-91.800795,94,62.892649
-83.199175,60,62.924322
-181.882408,118,63.019203
-159.652055,111,63.098274
-170.339089,90,64.047184
-51.069858,126,64.141335
-53.534492,65,64.188709
-128.670684,105,64.267812
-90.271099,80,64.315192
-76.90312,64,64.362996
-193.157237,136,64.45787
-143.631668,91,64.521108
-169.744663,103,64.600471
-264.203969,83,64.664047
-181.003086,118,64.758853
-72.88167,66,64.806367
-101.239025,135,64.901165
-49.402107,80,64.96473
-114.653783,139,65.059557
-67.041296,83,65.122801
-154.240219,72,65.170285
-128.221039,78,65.233527
-136.871105,72,65.280932
-17.304761,74,65.344152
-101.723483,64,65.375819
-72.734669,85,65.451251
-38.882527,115,65.533895
-86.161876,83,65.581969
-69.523111,74,65.645149
-62.338363,63,65.69249
-125.788011,99,65.755799
-91.966701,82,65.818902
-75.204246,105,65.898363
-44.731675,83,65.961412
-145.162188,71,66.008983
-155.15382,102,66.087942
-98.408515,98,66.152823
-158.493983,96,66.230643
-100.490121,92,66.293847
-89.378775,88,66.35716
-119.205815,90,66.420461
-65.306404,101,66.499885
-115.622476,86,66.553978
-98.85218,92,66.626446
-73.486668,66,66.673952
-62.886009,99,66.737115
-71.188043,63,66.78498
-91.272637,98,66.864068
-157.384133,75,66.91144
-118.324321,96,66.990612
-229.856597,96,67.054915
-129.995718,100,67.132782
-119.109681,112,67.306906
-128.418263,97,67.37058
-145.873002,107,67.456401
-91.050968,70,67.49715
-85.812512,90,67.560438
-78.557633,152,67.687352
-31.495391,81,67.734714
-74.947229,65,67.782172
-120.985972,96,67.861349
-109.49138,70,67.908738
-73.557432,93,67.972349
-85.710477,119,68.067318
-138.327545,74,68.114713
-141.921933,86,68.17794
-101.03727,90,68.241128
-33.764046,87,68.304705
-284.68155,152,68.415407
-95.778632,87,68.478644
-68.841511,99,68.559318
-62.568945,110,68.637359
-97.295421,116,68.71654
-76.556509,71,68.779728
-92.090424,107,68.842939
-109.946901,86,68.906576
-63.577071,62,68.960284
-91.981213,60,69.001511
-72.357021,119,69.096344
-117.721453,114,69.175774
-138.610226,160,69.302331
-120.056012,75,69.349677
-86.008894,67,69.397115
-45.047047,79,69.461457
-88.57767,86,69.52398
-99.636065,100,69.587177
-131.008966,108,69.666241
-127.326116,97,69.745286
-158.666421,129,69.840565
-70.491961,133,69.935386
-100.191185,138,70.045976
-156.156236,78,70.093891
-100.628845,113,70.188521
-134.267504,97,70.267848
-83.891891,79,70.330554
-126.975229,113,70.40944
-106.279636,83,70.472548
-112.930751,100,70.551539
-70.276006,110,70.630646
-112.045178,117,70.710195
-17.2813,147,70.836695
-125.869806,115,70.915617
-61.596086,83,70.97889
-177.10494,91,71.042134
-302.915897,96,71.121098
-149.102958,102,71.200342
-112.562306,76,71.265722
-165.938361,97,71.342742
-63.755831,83,71.405979
-75.924407,81,71.469292
-119.20211,79,73.130093
-116.606369,87,73.193275
-87.313517,87,73.270952
-94.395781,66,73.319978
-104.651649,86,73.38322
-279.975783,130,73.478239
-24.913949,78,73.541494
-157.621621,74,73.589072
-111.426232,115,73.684145
-107.386704,104,73.763162
-96.998952,76,73.810601
-150.508531,114,73.905739
-123.323799,86,73.972668
-90.724387,84,74.032276
-108.107389,118,74.127004
-66.217958,87,74.190217
-102.440807,108,74.273497
-75.753657,72,74.332586
-224.857697,88,74.395773
-112.564394,100,74.47422
-79.98335,132,74.574346
-198.369737,86,74.632386
-101.237188,80,74.695841
-67.410336,78,74.759026
-74.999317,91,74.822374
-120.513419,107,74.9015
-135.187826,128,74.9965
-72.438212,91,75.0754
-169.010122,117,75.154526
-167.546382,104,75.233594
-28.896877,74,75.296875
-122.112247,88,75.360104
-146.816249,95,75.439213
-42.11952,99,75.502554
-161.022219,87,75.576212
-128.591513,88,75.645029
-107.028847,96,75.708165
-88.294409,63,75.7557
-180.886325,114,75.850546
-68.736315,73,75.898153
-101.178865,81,75.961321
-120.217403,110,76.040373
-104.298447,98,76.119434
-121.556013,83,76.182676
-353.828628,143,76.2937
-79.394327,128,76.388576
-132.436552,110,76.478904
-70.723036,120,76.562658
-261.157119,120,76.657859
-143.971761,112,76.736839
-107.689069,76,76.800088
-89.699341,81,76.847548
-95.07444,72,76.911471
-150.402538,93,76.979862
-87.909186,134,77.085294
-123.150208,99,77.164368
-94.793892,80,77.211754
-80.650853,111,77.306604
-165.985735,113,77.385725
-88.039847,112,77.480609
-133.601661,95,77.543878
-116.574648,68,77.607125
-140.616618,95,77.681038
-80.498599,94,77.74943
-101.283595,88,77.81266
-79.628934,92,77.881191
-48.552599,64,77.923782
-114.516221,93,78.002843
-62.781007,89,78.066139
-112.273726,131,78.160885
-129.041448,78,78.224093
-82.346207,144,78.334779
-76.96768,142,78.445773
-88.940428,88,78.509007
7.827245,94,78.583482
-99.576174,107,78.651296
-80.050896,108,78.746428
-54.845319,129,78.841346
-87.463211,85,78.904588
-88.508894,87,78.968139
-43.668033,87,79.031768
-78.001587,91,79.110754
-86.08908,86,79.173997
-117.035508,104,79.252972
-125.825192,88,79.316539
-90.998726,90,79.38542
-80.231248,75,79.443017
-85.631457,90,79.506274
-92.780077,108,79.585788
-120.367334,60,79.632988
-102.839608,89,79.696224
-101.550569,118,79.79112
-89.51971,80,79.854279
-71.485573,126,79.949646
-91.125085,81,80.012871
-52.477593,107,80.091968
-210.370368,117,80.187703
-108.861178,119,80.281873
-135.12749,75,80.329339
-73.530747,75,80.392642
-105.809743,108,80.471674
-123.069768,97,80.551069
-68.611149,103,80.614434
-58.346653,78,80.677673
-80.286505,103,82.354405
-74.902545,81,82.418539
-100.109143,115,82.513527
-98.628748,102,82.592753
-102.799287,97,82.656478
-129.243658,100,82.735551
-77.893991,90,82.799056
-94.451318,120,82.8956
-98.716961,59,82.941873
-129.273624,75,83.005407
-88.082772,94,83.068677
-68.850729,99,83.147953
-79.62985,122,83.24317
-57.151192,121,83.338153
-155.872706,89,83.401443
-97.459992,71,83.448794
-123.979823,105,83.528109
-102.73729,94,83.597543
-81.989345,67,83.654583
-102.190095,84,83.717963
-299.187307,119,83.813196
-161.190425,111,83.897884
-206.040463,112,83.971269
-74.49939,67,84.019117
-79.841234,85,84.098075
-104.621667,102,84.161318
-77.287539,119,84.256209
-51.369296,80,84.319459
-53.231867,89,84.382739
-105.279005,85,84.445982
-256.106067,74,84.509356
-80.01884,83,84.572505
-122.493529,105,84.651514
-140.706152,98,84.714795
-89.826514,120,84.809771
-124.736824,121,84.904541
-141.930047,74,84.951944
-86.496872,108,85.031194
-82.515779,142,85.141831
-80.919164,86,85.205068
-74.129965,73,85.268258
-150.970739,117,85.347674
-73.169401,110,85.426675
-110.935685,107,85.521634
-135.946224,105,85.601182
-84.064187,72,85.648359
-80.029676,65,85.701498
-108.412415,99,85.774882
-134.279084,122,85.869711
-170.372274,128,85.964909
-54.730715,116,86.044214
-54.574167,68,86.107479
-97.544252,76,86.154893
-217.368329,120,86.250053
-127.138008,97,86.329126
-84.452785,85,86.39239
-86.197956,74,86.439766
-117.949988,129,86.535021
-90.346609,107,86.614144
-83.238518,78,86.677339
-66.388081,78,86.740555
-28.24331,96,86.804306
-28.903831,167,86.930649
-114.140369,144,87.041547
-114.636421,144,87.152474
-100.886222,69,87.205554
-83.11037,114,87.294691
-76.520327,83,87.357938
-120.17038,85,87.421525
-198.735117,112,87.50631
-129.993689,69,87.56391
-131.330685,103,87.642872
-136.236768,112,87.72231
-186.847871,84,87.785552
-121.487303,91,87.84918
-68.082947,81,87.912464
-140.945808,118,88.007226
-256.046905,103,88.070641
-6.715603,117,88.165447
-86.828109,88,88.228622
-120.102566,101,88.308141
-121.216378,122,88.402812
-102.874147,72,88.450171
-111.908011,103,88.529244
-119.107749,118,88.624482
-118.492705,100,88.687694
-136.406591,110,88.766715
-44.511723,92,88.845695
-107.222494,83,88.909533
-103.385004,75,88.956753
-124.125409,82,89.020015
-221.326821,123,89.115071
-139.099564,134,89.21055
-119.281939,93,89.273576
-114.860849,61,89.320943
-200.733173,123,89.415858
-65.814333,97,89.479146
-167.710046,119,89.57444
-157.903725,105,89.637649
4.148067,97,89.716753
-102.934924,109,89.795748
-130.889015,110,91.442145
-79.30894,72,91.48963
-84.147602,59,91.537094
-101.039082,72,91.600399
-35.919575,76,91.648268
-75.533335,84,91.717151
-126.361401,112,91.790587
-109.040579,112,91.869544
-113.909643,100,91.949073
-198.022857,85,92.018519
-121.961807,88,92.075526
-55.759754,94,92.154705
-78.855982,88,92.219022
-132.12879,125,92.313157
-97.903071,84,92.376364
-76.701708,98,92.439578
-127.408406,76,92.502768
-175.840262,99,92.56636
-69.077217,103,92.645376
-230.623188,99,92.724447
-126.847841,87,92.787693
-118.024017,64,92.835396
-96.165309,120,92.930286
-120.61188,76,92.97768
-363.088342,152,93.104157
-124.802136,87,93.167831
-80.512962,93,93.246987
-122.245828,84,93.3102
-36.609815,123,93.405048
-67.806402,65,93.45293
-70.321161,73,93.5004
-138.611866,112,93.595272
-116.284881,162,93.72172
-19.630506,98,93.785373
-111.518138,106,93.864464
-74.533531,78,93.927701
-243.800257,117,94.023113
-126.274852,116,94.101965
-108.857027,92,94.181158
-64.068657,98,94.244364
-16.501,111,94.339553
-77.430959,97,94.418491
-130.034983,130,94.513349
-121.868025,115,94.608323
-59.198496,70,94.656167
-42.400053,97,94.735198
-82.39339,66,94.782625
-45.294427,68,94.845868
-149.243934,120,94.926054
-77.821191,110,95.020193
-66.524305,71,95.067641
-98.693174,73,95.130841
-120.90072,78,95.194178
-98.029863,130,95.289407
-39.364676,85,95.352689
-83.230476,123,95.447532
-115.648642,69,95.510801
-99.581147,83,95.574411
-156.159068,95,95.637705
-112.593878,125,95.732564
-91.494301,100,95.811657
-79.811147,114,95.906784
-206.473389,161,96.033286
-145.14395,114,96.112312
-35.405834,82,96.176049
-43.515393,72,96.239268
-92.861159,119,96.334128
-69.491238,87,96.397363
-66.7437,116,96.476789
-83.735391,139,96.58742
-126.086477,89,96.650667
-133.847553,132,96.761809
-117.763134,125,96.856624
-95.564708,82,96.91986
-94.931989,112,96.998997
-105.902366,63,97.046334
-38.97614,94,97.132623
-77.441395,92,97.204429
-84.011301,75,97.2675
-138.887366,60,97.315107
-82.390122,138,97.410439
-98.620736,60,97.457891
-97.353166,149,97.568608
-81.90453,134,97.679687
-97.095108,101,97.758781
-133.525414,115,97.837878
-101.672364,112,97.934813
-92.138205,126,98.035186
-111.423074,99,98.106636
-148.695358,100,98.185879
-49.83982,78,98.24899
-51.394513,88,98.312236
-126.087083,124,98.407069
-141.618217,105,98.486064
-92.756055,75,98.549276
-119.48733,80,98.61252
-71.768646,97,98.675777
-114.515155,119,98.77095
-84.32461,95,98.83797
-35.04581,90,98.913404
-100.524512,74,98.976624
-67.613367,63,99.024146
-90.077435,133,100.700043
-67.033088,91,100.763401
-78.135543,133,100.874494
-27.924054,154,100.985371
-79.795187,115,101.080203
-48.62837,67,101.127738
-103.533576,72,101.191274
-112.756854,112,101.270538
-128.877081,79,101.333846
-116.944212,107,101.412947
-200.000949,89,101.492052
-146.85654,98,101.55531
-47.25734,119,101.650157
-131.512952,84,101.713403
-101.596401,69,101.760865
-40.859716,107,101.855752
-69.052634,134,101.950904
-104.838096,85,102.01413
-157.873383,113,102.108908
-209.077531,128,102.203846
-97.204016,118,102.298889
-101.183696,112,102.377821
-155.503334,112,102.472814
-135.092432,93,102.546678
-246.281372,88,102.599244
-67.659209,90,102.678299
-92.674902,93,102.746827
-57.346159,149,102.852417
-109.031195,83,102.915724
-139.157555,130,103.026484
-76.025915,74,103.073907
-61.957449,80,103.147831
-92.174645,78,103.200447
-78.615469,58,103.248061
-110.656058,110,103.326978
-133.10603,66,103.374437
-73.201629,99,103.45359
-116.966095,83,103.516807
-132.605934,66,103.580046
-110.772565,146,103.690858
-132.858262,97,103.769926
-102.787419,82,103.833124
-93.872649,97,103.896683
-17.449269,64,103.949515
-79.949628,79,104.007635
-122.664425,115,104.102505
-85.444577,79,104.165758
-94.579392,109,104.250507
-164.695862,135,104.355482
-75.307636,95,104.418691
-98.910519,110,104.49812
-132.176312,97,104.577122
-118.631829,103,104.656222
-24.209675,91,104.735193
-84.91527,101,104.814309
-113.579756,73,104.877632
-99.773856,119,104.956917
-90.806697,117,105.052404
-118.986103,88,105.11502
-105.543798,134,105.22572
-129.957564,94,105.289077
-88.840789,106,105.384344
-131.124215,133,105.479229
-112.737673,77,105.542538
-90.176416,82,105.605771
-11.734158,90,105.685201
-60.597176,61,105.732688
-106.100047,94,105.795946
-111.303259,98,105.874991
-153.090184,130,105.970256
-134.890092,127,106.080903
-66.58503,129,106.17586
-132.750801,133,106.271051
-93.94152,77,106.334448
-58.845152,66,106.381875
-33.386049,78,106.445418
-14.565449,158,106.572509
-118.341348,119,106.667867
-106.681041,93,106.731345
-101.559091,68,106.779246
-95.55342,61,106.842848
-130.804001,104,106.922665
-78.026606,167,107.050302
-91.825983,118,107.130142
-45.272468,115,107.225613
-105.691241,100,107.305362
-91.168466,83,107.368927
-127.951713,86,107.432728
-75.360669,112,107.52806
-121.850819,109,107.607394
-86.512846,77,107.671115
-67.12274,83,107.734382
-107.420883,100,107.814139
-77.371815,89,107.877695
-108.745386,77,107.941683
-64.647669,100,108.021602
-70.819771,70,108.06927
-160.830235,79,108.133319
-87.888961,126,108.228891
-70.473246,114,108.324854
-101.03848,130,109.918538
-97.196401,111,109.999012
-72.10696,102,110.078479
-85.297058,100,110.165421
-101.169793,79,110.221658
-121.80381,85,110.285334
-88.374946,66,110.333514
-179.437245,119,110.42919
-111.879735,96,110.509132
-70.577753,108,110.588702
-56.646111,132,110.68445
-121.78955,88,110.763868
-80.825787,85,110.827796
-123.86523,86,110.891654
-59.206867,110,110.970911
-71.280773,143,111.082642
-91.318368,129,111.178452
-150.192754,104,111.258556
-65.965785,114,111.33811
-58.240879,102,111.417591
-96.62233,83,111.481454
-76.013394,106,111.561355
-110.974389,105,111.640827
-73.058753,62,111.672646
-103.396062,92,111.752009
-44.445472,91,111.818196
-50.46933,74,111.869671
-114.589944,100,111.943894
-123.973637,122,112.045753
-94.645196,87,112.103279
-54.887142,96,112.182084
-103.355554,114,112.270486
-104.922982,135,112.3744
-70.962391,87,112.438117
-166.251998,105,112.517792
-79.701443,86,112.581413
-102.830025,81,112.645139
-49.072419,79,112.708932
-58.974684,93,112.772931
-77.496264,104,112.852402
-103.480661,100,112.932295
-89.900356,113,113.012485
-84.95324,70,113.076216
-97.215316,131,113.172377
-76.720065,81,113.235832
-55.708774,70,113.283386
-40.384876,83,113.347121
-78.369891,1000,114.111406
-70.161328,100,114.19085
-214.053437,133,114.286402
-87.03912,112,114.375387
-13.492629,101,114.446064
-8.014972,82,114.509596
-74.881646,81,114.575973
-98.268509,68,114.620916
-68.545295,96,114.684698
-87.834655,109,114.77674
-40.243178,89,114.843791
-100.991675,87,114.907684
-27.617131,102,114.986384
-195.821814,123,115.08676
-47.430126,130,115.177764
-40.276384,132,115.289236
-69.523481,122,115.37838
-58.690998,119,115.464849
-84.76138,111,115.544241
-59.251861,96,115.623591
-55.532708,127,115.719415
-4.633366,90,115.783152
-86.7524,94,115.862283
-70.073858,81,115.926541
-92.466939,105,115.990583
-123.539093,109,116.080734
-94.264682,93,116.149114
-92.715412,118,116.228375
-50.553722,88,116.308198
-71.3507,75,116.355841
-88.095706,101,116.435026
-109.06652,74,116.499026
-133.608774,81,116.546664
-99.807707,72,116.61008
-30.922304,66,116.657755
-44.458359,132,116.752751
-67.095101,72,116.81621
-91.29121,100,116.882244
-217.645813,103,116.959982
-77.107883,90,117.039688
-92.351595,70,117.087627
-138.965847,111,117.167178
-200.447387,163,117.294562
-72.628915,96,117.373943
-74.926882,128,118.971238
-69.912882,69,119.035058
-94.828514,128,119.130526
-61.276617,71,119.186722
-101.052443,86,119.242123
-55.46441,70,119.289919
-87.321224,76,119.35363
-90.366248,78,119.417652
-86.635052,101,119.487913
8.893143,78,119.54479
-66.017782,100,119.624335
-104.741519,94,119.688604
-71.63802,107,119.767822
-114.342657,85,119.831287
-99.746547,110,119.926956
-122.300265,124,120.006733
-45.046171,163,120.134318
-144.515657,99,120.213682
-87.811441,84,120.289489
-17.295806,80,120.34145
-63.900099,76,120.405358
-34.085313,79,120.468965
-107.648247,106,120.563931
-219.507187,107,120.643219
-63.520377,107,120.724408
-59.357722,70,120.786511
-71.218866,76,120.834072
-78.538192,92,120.913512
-92.265577,122,120.992746
-85.26528,57,121.040218
-31.941452,132,121.150908
-70.514307,83,121.214409
-131.51545,114,121.294019
-121.814617,95,121.357681
-22.018021,93,121.437198
-76.004965,116,121.532245
-62.996458,100,121.596086
-78.238657,707,122.136567
-100.264004,113,122.234696
-41.443357,138,122.32779
-103.375181,111,122.423424
-36.157589,75,122.471347
-87.474225,85,122.534998
-111.664177,130,122.630135
-65.910154,103,122.7103
-26.859611,123,122.805757
-109.497254,100,122.885322
-113.990267,103,122.964703
-107.312833,98,123.029086
5.416045,104,123.108579
-76.849571,69,123.156192
-93.123504,107,123.235368
-66.673434,111,123.330899
-79.752355,91,123.397442
-71.939193,108,123.474569
-42.510155,148,123.601616
-123.85612,97,123.66484
-89.111582,133,123.776256
-74.127484,109,123.855646
-96.255806,106,123.935421
-252.638306,97,124.015182
-96.075358,130,124.110287
-181.947024,137,124.225768
-148.456504,111,124.316989
-78.275633,116,124.399411
-88.306841,91,124.475429
-113.596798,74,124.523029
-99.010403,88,124.602498
-81.438709,123,124.697787
-31.951387,108,124.777725
-83.28327,89,124.841565
-82.54799,119,124.936877
-119.009024,61,124.984599
-37.841064,76,125.048414
-73.797015,118,125.127999
-88.722798,87,125.207641
-76.719311,92,125.271738
-85.355681,87,125.335082
-121.711699,122,125.430553
-63.662684,71,125.494522
-31.484259,99,125.573434
-45.76644,139,125.684873
-50.387166,147,125.796652
-68.239078,112,125.876176
-51.787974,62,125.924334
-60.19694,81,125.98804
-93.835614,108,126.082991
-68.642481,79,126.146682
-185.552935,213,126.306114
-44.446875,74,126.369275
-76.88864,80,126.432917
-98.445887,77,126.496836
-78.802465,125,126.592722
-54.338442,71,126.640583
-282.299192,154,128.05655
-81.794197,85,128.12059
-59.852503,116,128.215639
-76.09371,90,128.297214
-60.591707,68,128.343319
-70.296957,95,128.422679
-115.873527,98,128.48617
-74.181134,85,128.56507
-20.790972,112,128.644451
-23.917596,122,128.739428
-106.304738,82,128.811083
-65.163892,120,128.898561
-18.104561,81,128.96239
-73.777628,75,129.02643
-66.715969,79,129.073863
-29.486218,148,129.201314
-100.863468,122,129.28131
-91.945796,82,129.344961
-86.090451,72,129.412493
-94.666112,74,129.47239
-112.64904,110,129.551646
-84.021115,78,129.615025
-74.399017,125,129.71335
-19.322666,89,129.77331
-95.606179,80,129.836855
-122.258859,126,129.948078
-74.064292,77,129.995617
-56.007856,110,130.091666
-79.189868,100,130.171203
-107.570337,85,130.234967
-109.434949,119,130.330873
-106.092198,105,130.414926
-140.906355,112,130.505008
-72.098335,98,130.56869
-42.913677,120,130.664193
-42.721349,122,130.760384
-48.35808,109,130.855777
-82.818505,144,130.967896
-73.444319,117,131.047992
-67.463359,74,131.116655
-73.87271,68,131.159371
-84.761661,141,131.270538
-98.551446,99,131.349975
-95.953912,77,131.417485
-143.001868,106,131.493061
-92.959371,80,131.556444
-131.852371,130,131.667412
-105.385146,94,131.731009
-119.345006,92,131.810543
-95.513481,88,131.87413
-156.133919,66,131.921823
-76.348216,64,131.969266
-108.524632,90,132.04894
-112.436649,90,132.119774
-67.707682,101,132.192336
-138.680328,118,132.288239
-52.191417,113,132.368159
-42.447641,96,132.447413
-107.43544,151,132.559232
-23.362297,139,132.670617
-209.126041,145,132.781313
-47.96674,76,132.845077
-92.08549,102,132.924468
-62.227287,124,133.022058
-104.842118,97,133.098921
-115.303175,85,133.162591
-28.414275,138,133.274144
-92.69325,90,133.338051
-35.656917,149,133.449176
-108.746888,121,133.544729
-60.302723,96,133.624799
-145.655156,98,133.704775
-56.897856,110,133.784671
-93.66328,79,133.848187
-98.67942,83,133.923411
-31.801841,74,133.975882
-75.488252,142,134.086922
-59.793519,71,134.134575
-124.26426,114,134.23015
-117.736777,116,134.325419
-132.297501,117,134.420587
-87.613523,116,134.499992
-8.732338,130,134.611543
-51.028833,134,134.725462
-99.428679,101,134.802739
-84.545275,155,134.913542
-67.52162,87,134.977502
-83.907986,103,135.073265
-28.621495,124,135.168674
-62.321786,91,135.232445
-74.577687,82,135.296094
-42.345172,83,135.360004
-126.688977,76,135.426702
-47.982861,101,135.503118
-85.839113,73,135.566556
-119.01155,110,135.646119
-65.826337,70,135.709652
-79.908973,104,136.915526
-111.94623,118,137.010102
-79.831495,100,137.089083
-12.121906,88,137.152351
-33.339559,85,137.215651
-50.209611,87,137.29465
-99.708954,69,137.342134
-27.412809,168,137.468654
-85.02416,115,137.563551
-33.964975,106,137.642629
-65.349446,79,137.705865
-152.45026,106,137.784879
-18.703872,122,137.895478
-40.636447,68,137.943012
-175.465227,128,138.037977
-123.270603,81,138.101244
-64.068912,111,138.196066
-161.543703,146,138.306829
-87.419475,76,138.370029
-25.026113,76,138.433228
-106.779203,108,138.512413
-67.082911,72,138.575634
-118.967821,111,138.654656
-82.969122,104,138.749603
-112.519136,154,138.860296
-100.835517,105,138.955134
-100.87076,118,139.03423
-68.478376,121,139.144978
8.089262,116,139.239887
-75.703467,113,139.318927
-35.01567,93,139.397965
-31.907991,130,139.493032
-73.538769,107,139.58789
-100.619898,100,139.666874
-93.565302,106,139.745943
-16.281832,89,139.824956
-121.17091,100,139.903995
-6.748122,88,139.967293
-56.707549,120,140.062338
-69.877287,69,140.125651
-131.153417,91,140.188825
-39.285967,109,140.283713
-86.630406,94,140.362745
-146.461728,109,140.441796
-186.974591,137,140.552442
-42.360774,154,140.678906
-113.563643,92,140.74211
-69.507711,109,140.836932
-22.018056,87,140.9002
-107.735879,77,140.963509
-9.800817,97,141.042705
-92.808543,107,141.121736
-87.760299,87,141.18495
-76.703562,79,141.264015
-46.993661,93,141.32726
-55.345227,94,141.406362
-83.620934,72,141.454151
-49.720246,70,141.517503
-106.123981,125,141.612312
-212.970354,134,141.722891
-93.644265,65,141.770697
-120.111495,110,141.84971
-123.785861,106,141.928828
-55.639138,137,142.040381
-158.213626,133,142.140498
-74.724141,86,142.197616
-92.738563,94,142.276719
-36.673846,123,142.37217
-76.243597,132,142.467233
-145.912631,104,142.546358
-64.351211,66,142.60959
-117.128709,112,142.688692
-88.546913,73,142.741802
-43.745816,87,142.815153
-102.875264,99,142.89411
-68.853507,109,142.973537
-210.397056,138,143.084503
-74.890898,89,143.147841
23.651428,141,143.258788
-20.67647,73,143.306174
-41.098426,118,143.400971
13.022316,144,143.511745
-248.378876,144,143.62277
9.239124,121,143.717659
-66.003334,83,143.780904
-54.085901,84,143.844715
-88.384793,103,143.923535
-78.470874,132,144.034461
-62.853013,81,144.097613
-52.357476,98,144.160867
-85.077379,121,144.255607
-74.882133,114,144.350463
-110.718887,139,144.461535
-131.665981,124,144.546303
-124.797845,98,144.619582
-65.537523,81,144.682824
-48.705872,78,146.250008
-65.071732,136,146.359458
-31.140631,92,146.422689
-72.431574,147,146.550793
-47.527639,66,146.596498
-63.307652,113,146.67546
-116.143539,67,146.722883
-52.148976,131,146.833526
-76.262738,93,146.897081
-101.934603,114,146.991997
-67.849036,72,147.055287
-25.247125,130,147.152951
-35.422016,95,147.229621
-85.23182,120,147.324513
-45.533598,139,147.419265
-95.578533,103,147.498297
-8.923926,94,147.577426
-112.225027,100,147.656359
-64.762326,126,147.754415
-53.156795,81,147.814367
-53.751685,95,147.893339
-112.596486,97,147.956777
-54.699045,77,148.019943
-62.360906,142,148.130592
-128.885528,119,148.225463
-75.771188,118,148.320158
-74.960287,194,148.462461
-85.015758,114,148.556682
-60.6536,80,148.604188
-90.969637,107,148.698954
-59.243361,70,148.75706
-80.293595,108,148.841218
-64.566948,79,148.904446
-53.475931,97,148.967643
-56.94538,81,149.030859
-87.467813,108,149.125937
-90.198365,77,149.189487
-73.658445,103,149.268542
-83.592566,80,149.331751
-147.227093,141,149.442359
-49.963684,112,149.537536
-107.551316,115,149.632446
-85.007166,90,149.695615
-54.356221,112,149.790847
-95.659751,125,149.885597
-85.594079,121,149.980697
-90.468898,126,150.092048
-65.801354,100,150.171283
-79.795356,119,150.266105
-64.687056,89,150.329419
-61.646714,67,150.392602
-101.113445,108,150.471737
-99.774443,123,150.566607
-58.821377,110,150.66153
-85.142162,85,150.724772
-49.559254,125,150.835378
-70.089613,68,150.882734
-111.955753,84,150.94597
-73.79154,101,151.025114
-69.811469,131,151.135958
-37.427536,147,151.262402
-71.152591,96,151.341522
-79.714592,96,151.4047
-68.938389,125,151.515356
-58.987082,113,151.594431
-53.850033,69,151.662964
-51.926046,89,151.736751
-89.574479,164,151.863187
-83.076204,98,151.942261
-66.699285,94,152.021346
-60.542263,73,152.06876
-187.705371,132,152.179517
11.964266,83,152.242831
-120.415033,144,152.369315
-70.141252,136,152.479936
-53.375034,69,152.527474
-22.82104,149,152.653901
-53.542652,128,152.748723
-89.563736,99,152.828143
-101.561739,119,152.923035
-46.313813,65,152.970519
-76.287714,64,153.017933
-89.591667,112,153.112813
-102.779733,105,153.192007
-96.376774,74,153.23956
-46.16205,119,153.334344
-140.175163,107,153.413729
-60.509275,105,153.492759
-60.972845,129,153.603431
-86.005067,105,153.682847
-53.69537,100,153.761837
-18.315433,99,153.84093
-107.354557,107,153.919953
-56.478602,145,154.031012
-45.219859,100,155.62679
-90.947145,113,155.721543
-79.512349,99,155.80056
-35.615701,123,155.911134
-110.188128,89,155.973839
-45.232112,138,156.08455
-34.429868,104,156.174797
-58.320114,110,156.258625
-81.651488,78,156.322227
-181.166802,159,156.448672
-75.389889,102,156.527792
-33.218221,104,156.607262
-121.870913,112,156.702083
-41.650785,152,156.828459
-72.658093,121,156.923634
-89.524483,90,156.986943
-59.193026,114,157.081712
-301.68115,132,157.19274
-6.306827,126,157.287434
-52.745544,78,157.350701
-70.4442,138,157.461396
-78.776942,88,157.524951
-57.328297,81,157.588199
-91.837566,98,157.667308
-65.636793,87,157.74635
-39.759938,102,157.825904
-58.829833,78,157.889091
-70.664271,126,157.984039
-121.053764,126,158.095086
-84.672265,81,158.158308
-98.298042,82,158.221761
-52.251766,97,158.300828
-51.973035,87,158.364071
-95.677268,151,158.490933
-81.237895,87,158.554139
-124.823118,99,158.633258
-108.364459,137,158.74444
-82.096895,86,158.807615
-98.431122,82,158.886654
-42.336431,383,159.187468
-44.789358,101,159.283124
-67.843398,98,159.36199
-92.669243,91,159.425233
-70.816758,127,159.53594
-124.166292,111,159.615273
-100.470362,121,159.71016
-41.607793,109,159.805058
-36.771473,91,159.885587
-108.585986,101,159.962909
-25.816545,92,160.026298
-53.735523,89,160.105362
-262.141507,140,160.216326
-77.85375,136,160.327264
-122.814968,130,160.438225
-73.248649,127,160.53337
-83.291522,83,160.596594
-107.016859,116,160.691502
-50.146551,111,160.787893
-41.662156,94,160.865197
-82.95284,120,160.960001
-42.098247,107,161.039024
-50.375761,126,161.150132
-84.620227,100,161.229228
-112.803065,91,161.308346
-67.755463,111,161.389045
-61.145743,107,161.482289
-64.221954,97,161.561341
-38.759305,92,161.624628
-69.511775,126,161.735696
-93.90645,141,161.846407
-160.804765,95,161.925471
-72.305775,189,162.083992
-11.842343,159,162.210467
-38.281168,83,162.273894
-92.012382,98,162.353396
-29.43668,124,162.448191
-103.855688,112,162.543046
-41.124656,156,162.669901
-101.020254,124,162.764923
-52.378673,66,162.82817
-24.098688,108,162.907533
-87.468395,99,162.993274
3.626163,109,163.081469
-85.697626,83,163.144676
-75.447474,145,163.271771
-58.998768,73,163.319089
-56.874059,97,163.398218
-78.926997,117,163.494193
-91.338868,131,163.603641
-8.579184,177,165.31087
-55.047523,166,165.453069
-10.790044,127,165.547949
-41.386387,68,165.599562
-54.513017,122,165.706086
-43.202235,177,165.847785
-93.634553,117,165.942721
-58.539109,74,166.000799
-72.661105,72,166.053138
-72.161127,128,166.164248
-19.234133,77,166.211703
-67.962795,126,166.322512
-67.683032,119,166.417763
-47.545048,95,166.496848
-35.568666,82,166.560093
-201.050521,120,166.654828
-52.920489,73,166.71849
-77.841204,80,166.765969
-58.417613,113,166.86087
-38.378512,154,166.987479
-62.304906,105,167.066479
-12.481797,87,167.145524
-98.143782,154,167.256148
-20.826284,86,167.33526
-15.649812,154,167.445952
-70.65079,83,167.509243
-78.922793,106,167.60614
-65.473251,83,167.667628
-34.392897,113,167.762756
-113.564228,97,167.841938
-181.947552,98,167.921327
-89.552932,119,168.016244
-24.89882,104,168.111106
-37.806795,94,168.190148
-80.539909,104,168.269535
-14.831771,117,168.364531
-41.487562,121,168.459425
-67.089373,81,168.523112
-87.131679,117,168.617965
-210.473091,174,168.760303
-96.374316,114,168.855506
-116.239113,89,168.918726
-35.846594,123,169.029439
-59.778032,100,169.109649
-90.381782,101,169.187903
-62.182296,161,169.314303
-76.243573,109,169.393596
-77.866003,172,169.536209
-167.44742,87,169.611199
-70.473408,101,169.694348
-70.591514,71,169.742106
-99.843165,109,169.821171
-81.188868,110,169.916054
-102.036688,99,169.995179
-111.755093,89,170.058785
-69.044437,65,170.122032
-27.580281,75,170.18525
-16.822378,139,170.295922
-47.617081,136,170.391306
-7.219331,146,170.517784
-207.471349,196,170.676146
7.686228,188,170.818435
-45.679955,98,170.897594
-23.330465,106,170.992733
-77.759848,121,171.087575
-107.593359,93,171.166695
-78.769064,119,171.261848
-70.854471,85,171.3251
-74.485022,107,171.420447
-8.03835,129,171.515238
-112.853972,123,171.615352
-13.322862,112,171.715631
-189.495639,96,171.78398
-43.183161,115,171.878879
-70.250744,94,171.957921
-37.834971,93,172.037074
-41.065515,107,172.116483
-66.044763,141,172.242641
-73.127871,130,172.337529
-32.635762,111,172.432952
-62.068707,113,172.527866
-79.874354,74,172.575306
-72.501233,116,172.670153
-94.832682,123,172.781234
-33.382517,117,172.876117
-38.212668,79,172.939384
-66.493428,82,173.002713
-47.648943,119,173.097907
-67.519213,114,173.192764
-8.436773,169,174.886045
-93.066246,80,174.949363
-73.626458,91,175.028628
-48.556503,84,175.091867
-64.79785,96,175.171267
-11.453946,230,175.361048
-60.90978,93,175.440489
-67.796426,63,175.48797
-28.568979,97,175.566962
-118.993238,109,175.661857
-104.778203,159,175.772777
-55.93128,171,175.926361
-100.399284,109,176.00995
-25.279062,157,176.136752
-114.0498,83,176.200013
-99.344631,109,176.294808
-63.013954,93,176.35849
-37.345345,80,176.427954
-61.076367,123,176.532687
-67.370651,113,176.627476
-82.529434,130,176.728753
-57.416216,80,176.785748
-51.382032,105,176.88061
-20.719859,180,177.022831
-93.562141,127,177.117706
-69.618674,104,177.212507
-74.682196,122,177.307677
3.712135,83,177.370996
-62.273623,66,177.434098
-99.528223,80,177.497417
-95.8418,252,177.703349
-71.414784,93,177.782386
-46.662656,95,177.846031
1.136738,109,177.940955
-182.906902,145,178.067499
-109.765927,142,178.178481
-82.410409,109,178.257531
-107.361804,103,178.352298
-83.218203,97,178.415519
-53.183672,110,178.51056
-51.228796,143,178.634369
-107.746028,112,178.71595
-60.687769,138,178.834839
-47.049511,71,178.889849
-65.243162,99,178.968866
-40.311712,81,179.03523
-81.386468,129,179.135715
-68.307109,125,179.23783
-83.630831,90,179.301022
-7.603545,91,179.380058
-56.102202,94,179.459037
-159.613616,119,179.553991
16.927434,225,179.743727
-78.608975,103,179.822722
-20.634953,215,179.996024
-49.686287,120,180.090825
-121.810556,124,180.186055
-41.956454,117,180.280892
-24.020639,83,180.359871
-65.189104,72,180.407331
-216.635501,136,180.518515
-73.633113,103,180.597627
-24.251745,85,180.676662
-40.810128,112,180.77178
-117.018774,101,180.850742
-64.183927,133,180.945574
-97.115263,95,181.024624
-52.90212,103,181.119947
9.128879,92,181.198989
-44.126658,117,181.278074
-46.262636,83,181.357436
-102.68393,288,181.579001
-49.330449,93,181.658418
-58.813105,114,181.753286
-225.796502,119,181.848193
-57.172377,105,181.927193
-76.317878,64,181.974591
-21.158395,76,182.044647
-78.197154,64,182.085363
-98.1869,121,182.180196
-77.557754,104,182.274995
-63.018724,172,182.417331
-58.08281,82,182.480588
-55.82197,134,182.591885
-45.100681,121,182.686742
-38.722995,128,182.797328
-110.073754,151,182.907855
-51.867715,105,184.551037
-101.553572,99,184.630128
-69.312154,107,184.724886
-75.234164,114,184.803847
4.419238,87,184.883326
-16.872308,123,184.978261
-84.414512,82,185.041565
-50.439922,122,185.136377
-72.543489,99,185.215864
10.025162,153,185.342369
-48.980345,86,185.405533
-55.930075,63,185.454118
-60.838624,116,185.554188
-67.987351,85,185.611197
-76.916622,122,185.706037
-23.899457,101,185.785067
-14.093952,101,185.864072
-82.441733,98,185.943167
-59.085495,156,186.069666
-37.37627,104,186.155864
-63.474637,104,186.227673
-68.797703,101,186.306713
-10.491357,84,186.386146
-68.716797,115,186.465203
-39.28399,101,186.560321
-22.196984,119,186.63933
-76.358276,118,186.734079
-27.649411,90,186.813102
-91.643046,109,186.892141
-60.934688,82,186.958113
-12.538747,159,187.081809
-61.195849,93,187.160805
-72.784171,135,187.271476
-20.97487,87,187.334805
-71.618863,93,187.398044
-242.772651,138,187.508941
1.607629,98,187.588163
-94.159598,116,187.682919
-64.997049,115,187.761903
-15.999863,108,187.86103
-55.409558,109,187.935881
-2.029378,113,188.030815
-18.122381,105,188.1093
-60.986053,103,188.188325
-55.543158,134,188.29895
-71.359858,106,188.378
-62.315918,83,188.441236
-226.809382,125,188.551977
-98.092013,126,188.646959
-65.806842,158,188.773359
-97.96402,95,188.852422
-94.465396,114,188.931438
-70.572033,109,189.026412
-51.405453,129,189.121314
-104.658229,100,189.200239
-63.978909,116,189.295061
13.857936,130,189.390021
-57.218265,114,189.484872
-102.291928,150,189.611461
-34.727274,100,189.690547
-65.566631,102,189.769652
-59.771786,107,189.848601
-64.227418,132,189.965061
-99.21563,112,190.038989
-28.848878,150,190.165523
-50.817412,151,190.291574
22.916379,132,190.401386
-1.731894,156,190.512106
-60.517817,122,190.60714
-37.661259,102,190.686081
-68.765221,125,190.79708
-32.598962,124,190.891856
-54.241966,111,190.986761
-25.71634,178,191.113726
-36.540863,128,191.224381
-48.212928,92,191.303487
46.884965,84,191.368881
39.551521,101,191.446183
-36.100862,94,191.525332
-86.257764,111,191.604334
-27.787335,105,191.683937
-78.619227,91,191.770209
-109.130609,718,192.333139
30.001088,119,193.995216
-109.368343,110,194.07586
-64.686229,135,194.185314
-47.347197,114,194.280314
-118.392812,133,194.376723
-17.743847,165,194.502027
-33.005247,80,194.57746
-51.876038,112,194.66036
-58.122911,144,194.778004
-41.700068,122,194.878309
-8.783602,149,194.992899
-31.263434,150,195.119391
-64.015491,80,195.182691
-57.945609,102,195.261679
-52.116579,118,195.372315
-124.915346,91,195.435526
0.001009,173,195.579905
-63.65564,129,195.679942
-31.391476,102,195.752251
-106.244768,157,195.894931
-87.928279,134,196.005609
-107.476157,109,196.084644
-83.545918,117,196.180958
-76.052754,124,196.290357
-70.001966,142,196.401015
-34.699072,86,196.480056
-58.457839,106,196.559484
-126.09758,95,196.638513
-75.949432,102,196.717689
-21.168146,137,196.828619
-0.807411,136,196.939264
-30.956645,110,197.034094
-63.392134,127,197.129315
-67.514878,130,197.239967
-3.079079,95,197.319057
-67.054981,108,197.398442
-81.210868,116,197.49334
-74.627628,132,197.603975
-7.889886,129,197.69947
-25.812279,117,197.794293
-103.170782,101,197.87324
-24.334939,103,197.952281
-58.466922,108,198.031754
-19.156912,98,198.110782
-39.812321,68,198.17399
-73.778699,134,198.284847
-8.239541,177,198.411147
-59.099105,110,198.505943
-93.31341,67,198.553389
-59.671636,140,198.664409
-36.477674,110,198.759305
-39.425433,118,198.853998
-80.33588,103,198.933463
-76.834383,122,199.044171
30.908569,109,199.139034
-72.600868,119,199.234381
-20.83717,118,199.329195
-128.020811,78,199.392439
-41.668022,107,199.489366
-104.58555,101,199.566738
26.797426,122,199.67732
-58.631606,91,199.740716
-60.282149,111,199.835951
-69.329804,78,199.899237
-57.27193,95,199.978188
-62.569342,150,200.10501
-47.383785,117,200.199802
-56.546785,112,200.294698
-7.25997,158,200.421753
-84.112757,119,200.51665
-60.905382,107,200.611824
-48.649602,162,200.738839
-2.507671,144,200.865276
-26.638718,123,200.960184
-44.930829,129,201.071275
-147.61206,115,201.166125
0.105011,119,201.260968
2.698663,153,201.394481
-83.743161,114,201.482683
-18.491886,92,201.561677
-97.841088,113,201.640647
-31.909227,184,201.798825
-43.716556,140,201.92546
-48.718978,97,202.004612
-33.657202,79,202.067899
-1.306708,150,203.808574
-48.720389,87,203.871862
-94.706645,97,203.950939
35.476647,229,204.141443
-23.475465,122,204.252149
-117.952004,100,204.331618
-59.302447,90,204.410706
-65.765604,99,204.489772
-30.828884,142,204.603135
-23.455837,146,204.726922
-59.435582,124,204.821712
-85.251247,89,204.900834
7.598767,178,205.043732
-35.527458,75,205.106961
-91.932359,123,205.20515
-3.44529,240,205.391636
-245.047353,102,205.486787
-13.71975,125,205.58168
-30.242118,136,205.692277
11.669792,100,205.771376
-32.921212,92,205.850424
-56.70452,73,205.913631
-42.824174,124,206.008768
-57.992286,68,206.072026
-0.238204,152,206.198457
-45.856122,146,206.30951
-97.932624,101,206.388474
-89.581654,123,206.499102
14.343538,129,206.593984
-4.575541,109,206.688196
-13.823881,93,206.751427
-37.495313,106,206.846306
-157.299119,105,206.925825
-11.655006,94,207.010289
-32.787678,129,207.11588
-27.915233,142,207.226568
-70.629914,109,207.321452
-92.210177,145,207.447889
-43.205587,129,207.542901
-53.567148,95,207.621915
2.758805,142,207.748299
18.595136,172,207.890616
-20.838891,109,207.985551
-90.450839,107,208.064564
-97.02112,89,208.144137
5.634974,113,208.239036
-35.270797,131,208.349728
-24.319368,117,208.445074
-28.57633,88,208.513983
-79.063594,107,208.603157
-27.50715,115,208.697997
-61.141935,121,208.793204
-97.198741,89,208.872322
-28.299003,92,208.951352
-78.475132,88,209.015193
-74.944328,113,209.115528
-95.162483,81,209.173074
-38.385437,169,209.315918
-68.731984,99,209.394715
-60.072688,126,209.505553
-5.737143,162,209.632436
-46.654529,77,209.695692
-28.863149,92,209.774845
-96.314042,125,209.869736
-62.080258,123,209.980459
-31.580316,159,210.11814
-47.466766,137,210.218649
-33.811527,131,210.328687
-19.057012,162,210.470994
-87.645748,72,210.519519
-45.974536,127,210.629494
-1.350004,101,210.720136
-22.772386,244,210.920415
-22.957667,79,210.977953
21.404397,98,211.057106
-99.257611,85,211.136431
2.016827,135,211.247181
36.151141,91,211.326294
-9.53219,162,211.453149
-34.091327,108,211.548011
-19.372201,134,211.65863
-66.104627,530,213.747167
-11.683319,125,213.841974
17.201985,153,213.968575
-19.286857,184,214.128953
-42.852709,133,214.237872
-45.619946,505,214.649348
-43.114762,165,214.79196
-50.979438,134,214.902649
-82.413492,116,214.99768
-60.483981,123,215.108974
-43.94771,104,215.188029
-74.846663,111,215.282936
-37.315784,110,215.378119
-15.260044,89,215.45715
-82.485618,131,215.552034
-16.033668,124,215.662462
-67.329932,83,215.741468
-30.488717,114,215.836321
-33.794262,105,215.915312
-31.375063,76,215.978541
-0.081135,139,216.089245
-28.408395,86,216.16823
10.505268,142,216.278764
-17.509049,187,216.452983
9.967334,107,216.535711
23.740954,171,216.674235
-3.689052,191,216.836436
-20.776577,146,216.958696
6.730987,135,217.069023
-11.242788,134,217.17969
-19.634777,101,217.274533
-0.958899,81,217.337806
-30.058443,143,217.448574
-78.288272,117,217.559227
-41.79293,93,217.638361
-41.06856,316,217.891357
-38.609084,94,217.970523
-26.06621,85,218.049677
-98.200482,103,218.128731
-75.155331,128,218.239383
-57.768349,144,218.350338
-19.365587,106,218.445122
6.496514,117,218.540055
-27.128257,126,218.650706
-4.148831,92,218.713951
-13.504393,77,218.777089
-43.03436,108,218.872245
-42.588937,129,218.9671
-16.955179,152,219.093902
-2.346423,134,219.204852
14.958613,110,219.299615
-46.178263,143,219.410296
-62.327712,120,219.505524
-87.469027,86,219.568687
-40.567792,82,219.644102
-88.742788,138,219.744112
-75.575553,114,219.837707
-51.918339,79,219.900965
-56.021157,80,219.964174
3.437214,145,220.075286
-29.807174,147,220.202236
-100.859085,70,220.249654
-21.685096,90,220.32861
-20.0589,145,220.445757
21.903827,87,220.51887
-6.395838,93,220.597785
-51.872327,104,220.677268
-124.31401,111,220.772043
-92.844768,86,220.83523
-12.215959,97,220.914343
-13.327536,146,221.041228
-146.088755,875,221.736874
32.225959,97,221.815943
-22.722627,134,223.494518
-50.675766,126,223.605306
-14.136097,131,223.716531
-66.714095,153,223.843018
-4.504336,114,223.937996
34.53941,1000,224.776972
-72.873975,206,224.958196
-40.562151,105,225.046433
-20.530332,93,225.125561
-49.632503,122,225.220911
27.790426,101,225.299922
-37.934403,106,225.394827
-23.398807,107,225.474281
-51.678275,90,225.560011
-69.843402,94,225.632342
-51.752576,108,225.727282
-23.331253,144,225.838273
-70.564298,98,225.917322
-6.658503,81,225.980709
-67.687351,130,226.091689
-65.835547,89,226.161687
-48.79025,133,226.265613
-20.393081,133,226.376611
-5.133331,111,226.472012
-75.71403,95,226.551192
-71.722767,105,226.630531
-28.941768,137,226.757385
-6.847801,150,226.88446
-11.934055,117,226.980029
-48.130233,101,227.064676
-14.494805,148,227.18725
13.66225,101,227.266879
-28.784072,119,227.37771
-5.363029,85,227.441225
-46.423799,106,227.536141
4.741346,97,227.615661
-44.61442,116,227.71143
-46.982047,122,227.806604
2.528908,108,227.901869
-51.075347,119,227.997346
-53.626336,134,228.108614
12.894463,152,228.235949
6.188547,91,228.315768
-17.323401,1000,229.158832
14.775283,92,229.238305
-7.865217,92,229.31813
-11.457243,82,229.382027
17.038017,151,229.509159
-21.866518,111,229.604867
0.711425,157,229.732949
-24.629442,138,229.860056
-77.284337,100,229.93958
-74.082809,126,230.035176
35.314231,89,230.114411
-20.739092,76,230.17835
10.180446,100,230.257593
-68.33302,139,230.372488
-24.435891,158,230.512023
-39.70523,114,230.60726
-137.409605,106,230.686602
-31.268695,133,230.797957
-10.497889,101,230.893393
8.169753,108,230.974311
-71.305984,91,231.053302
-21.183295,119,231.164684
-50.30943,120,231.260283
-66.685189,137,231.375229
-118.04001,104,231.451002
21.716363,126,231.562244
-22.911561,158,231.689172
-33.287406,130,233.358924
-22.897808,120,233.454726
-49.024971,139,233.580915
-21.906815,74,233.644181
-13.204161,131,233.755241
-67.069899,145,233.881971
-73.747639,81,233.945567
-9.906934,149,234.073038
-71.559252,84,234.136967
-54.768351,90,234.216424
-0.908898,154,234.343197
-62.45108,101,234.422685
-71.592497,119,234.533535
-1.030603,80,234.597867
-46.939519,127,234.708838
9.87429,148,234.820477
-27.997378,1000,235.678103
-42.752973,135,235.789757
-2.321519,103,235.86905
-17.162982,143,235.996704
-61.354001,94,236.07577
-96.63438,97,236.156004
-7.119264,87,236.235699
-29.385655,88,236.299216
-35.989145,81,236.363053
-38.046778,110,236.458388
-26.576539,94,236.538141
-31.797678,92,236.617641
-58.006852,108,236.71334
-12.728152,82,236.776875
-44.900206,98,236.856553
-66.729476,66,236.90443
14.806421,135,237.032332
-13.226423,98,237.112265
3.77831,94,237.192413
-58.582963,107,237.287923
-25.168115,118,237.38392
-33.777378,93,237.462857
-8.433023,167,237.590059
-36.036962,69,237.653889
-66.870796,80,237.717357
19.683936,97,237.812602
-19.642228,125,237.907607
-33.101254,148,238.034822
-5.157868,113,238.130426
-16.98969,132,238.242307
-41.675704,151,238.36993
-46.632275,116,238.480687
-11.310334,136,238.591982
-23.681162,103,238.686926
-58.636865,163,238.830364
-50.492747,136,238.941624
-30.321573,131,239.052693
-26.660116,134,239.16403
-0.797817,105,239.243332
27.336912,139,239.370597
-65.357891,83,239.434121
-22.153083,106,239.529487
-6.391589,135,239.641133
-212.938561,391,239.973692
-43.229902,167,240.116858
-73.252217,110,240.212774
-50.173396,109,240.307913
-16.959428,163,240.435468
-12.006297,125,240.546504
2.319521,135,240.657535
-36.440464,132,240.769698
-6.507384,125,240.881081
-61.531636,115,240.97554
-51.965211,104,241.070985
-41.381303,83,241.134734
6.713263,161,241.277861
0.903056,170,241.404993
11.63636,170,241.563584
-62.216378,112,241.658873
-4.343686,108,241.754473
-61.033428,120,243.402032
-65.506139,91,243.471407
-52.231946,87,243.5353
9.606815,349,243.839466
-284.773286,104,243.917691
-27.892092,100,244.003419
-17.207726,168,244.140111
-25.114148,142,244.251247
-11.471691,136,244.362676
-62.60056,107,244.442245
-43.271371,144,244.569296
-202.444613,305,244.823147
-33.996412,104,244.905495
17.224386,1000,245.726905
8.40474,171,245.869797
-21.270485,85,245.933306
-59.303625,134,246.044666
-24.591365,89,246.107832
-29.887005,133,246.218733
-281.677091,982,247.04487
-4.45085,168,247.187275
-29.180142,121,247.297713
-4.748755,142,247.410215
-24.614447,131,247.521247
-9.721097,186,247.680497
-51.028756,117,247.776228
3.903263,109,247.871613
-0.136934,125,247.983303
-5.890551,111,248.06352
-3.972143,135,248.191315
20.216975,1000,249.051352
-0.507065,109,249.146414
-63.667986,120,249.242018
7.04088,113,249.337593
-46.888479,81,249.417359
4.925979,91,249.480868
-68.284259,501,249.915788
25.64337,156,250.053834
-113.912969,634,250.593592
-6.251899,230,250.801165
7.519925,84,250.865114
-1.383747,110,250.960874
-11.709881,145,251.088554
-51.386535,111,251.184481
-7.253151,136,251.296677
-90.989262,114,251.392524
-11.177754,230,251.567862
6.91036,180,253.269902
-43.147308,159,253.39771
-51.441007,93,253.477561
-83.101867,121,253.573111
-28.829182,105,253.668694
-59.009488,125,253.763716
9.008142,135,253.875229
1.463888,152,254.015873
-10.056594,142,254.146259
-2.233234,156,254.270949
-5.576647,105,254.366146
-56.952082,108,254.461583
6.394122,131,254.573138
11.8498,122,254.667825
21.718372,1000,255.53005
-52.061467,82,255.605022
-28.928272,118,255.699618
27.096343,97,255.778173
7.087651,148,255.904854
15.358799,1000,256.761822
-11.834144,140,256.872445
-43.271862,95,256.951566
-21.668008,148,257.077934
-47.027104,151,257.220263
-9.85511,111,257.314477
-64.748215,89,257.393497
-5.727901,183,257.53647
-61.685861,93,257.615407
2.629286,83,257.694498
-17.824973,87,257.757817
-78.979696,83,257.837458
-25.058544,275,258.074502
-21.651305,129,258.169743
-37.444096,128,258.280308
-8.065567,103,258.375232
-32.254152,109,258.470418
-9.421147,124,258.565231
-17.484247,122,258.675891
12.614499,174,258.818549
-54.770278,114,258.913408
-60.081708,108,259.008417
-53.376515,111,259.103751
-20.86809,90,259.182766
6.381946,114,259.27768
-118.349236,91,259.357075
4.232506,155,259.483525
-11.202749,96,259.578429
14.0726,111,259.673868
-2.312349,126,259.784489
-29.192171,132,259.895096
-24.677705,106,259.974529
5.26621,118,260.085264
-67.642875,101,260.164401
3.510516,145,260.291122
-154.097673,86,260.370232
-78.62636,118,260.465482
22.599163,1000,261.319385
-127.338263,107,261.414268
-35.929765,119,261.509118
-4.425865,103,261.603975
-56.858397,89,261.682901
-43.180715,80,261.746706
-81.297851,647,263.899258
-144.443584,107,263.994169
-47.080965,130,264.104889
-30.48901,130,264.21594
-12.326534,127,264.326602
-11.398114,135,264.437304
-45.011364,104,264.516737
5.55496,111,264.611632
-12.311755,166,264.754466
-86.163456,84,264.833302
-65.769757,114,264.928127
57.943893,1000,265.782176
-4.290096,117,265.89274
0.071789,134,266.00396
-21.130581,107,266.098816
25.484511,134,266.20946
-43.453314,114,266.304666
-0.44603,130,266.415356
-15.895353,129,266.526019
-59.475733,91,266.605402
-8.474857,101,266.684488
-14.477029,106,266.779254
2.903733,127,266.890353
-1.998558,100,266.969521
0.639994,118,267.080143
-43.450491,82,267.143414
-26.193787,114,267.238667
-21.498226,92,267.317809
-6.807661,126,267.428491
5.903438,138,267.539123
-76.773107,104,267.633985
19.661189,172,267.776109
10.44377,115,267.886743
-24.205464,100,267.965782
-9.914432,133,268.07675
-24.754154,92,268.162506
-6.90467,71,268.219087
9.37208,89,268.298129
9.324707,142,268.424978
5.753092,153,268.55148
-39.580714,97,268.630665
17.32782,122,268.741714
-50.879022,120,268.836514
-28.034015,135,268.965045
-26.861688,101,269.041911
-4.649698,256,269.26598
-56.521675,110,269.366278
-49.851014,115,269.466667
-2.365806,161,269.595153
-36.003003,135,269.705824
-33.465994,104,269.800873
-37.724732,116,269.895645
-53.305759,91,269.975033
-12.293707,125,270.085919
-68.958281,194,270.259832
6.12491,1000,271.128716
15.127826,97,271.207671
-64.746038,158,271.349972
13.541108,123,271.460696
-50.081848,82,271.52396
-63.147365,89,271.602956
-57.377041,286,271.840075
15.061296,117,271.950738
99.094467,1000,274.212612
-39.75087,75,274.29169
-14.024547,152,274.418168
-6.286151,133,274.528956
-18.318935,131,274.639567
47.18429,1000,275.509813
-33.334323,130,275.636255
-38.548896,75,275.699453
23.43675,101,275.778524
17.187009,148,275.904981
-40.623475,118,275.999844
-33.282488,120,276.110573
-16.606205,141,276.23699
-1.489327,139,276.347701
75.170579,1000,277.233784
-23.92952,87,277.313113
-27.349302,146,277.43955
9.623434,80,277.502854
-33.157404,101,277.582414
-21.156885,187,277.756049
-27.006396,112,277.850861
-60.99733,145,277.977754
-21.115266,165,278.120053
-17.774735,129,278.231091
-2.171728,120,278.325996
27.456402,108,278.420921
-5.241205,81,278.500279
-31.520447,143,278.610898
1.880921,90,278.689927
-1.281501,131,278.800922
-36.074931,97,278.885725
-15.933683,140,279.00667
-73.779272,107,279.101833
-49.301091,110,279.196638
10.447657,1000,280.083191
-38.848602,91,280.162199
-63.990373,133,280.272843
-56.200381,128,280.383794
105.377219,1000,281.270207
-74.740595,153,281.396683
72.984317,1000,283.580671
-30.992283,105,283.659689
-47.197098,129,283.770324
-58.441768,1000,284.624026
-49.789893,126,284.734518
-11.413616,100,284.813512
7.874902,145,284.940035
71.77287,1000,285.777893
7.175402,156,285.920542
-38.31521,114,286.015363
-36.641021,181,286.15761
-59.713957,64,286.221184
-17.801187,102,286.305883
-44.949369,89,286.379261
96.682798,1000,287.217967
6.249026,148,287.344516
10.274043,127,287.455541
-83.684648,127,287.566183
-56.872149,94,287.645238
-55.464052,78,287.710008
-8.066157,110,287.803026
-10.45627,99,287.882077
-14.289767,122,287.976931
-32.566721,134,288.087989
-51.870818,120,288.198567
78.800611,1000,289.05292
4.929032,122,289.147727
-45.076366,165,289.289999
22.710592,150,289.416646
-51.072945,164,289.543039
-49.016128,104,289.637823
-32.517756,104,289.716852
-74.748619,167,289.859031
-8.891328,120,289.953869
-6.038815,121,290.064007
-14.489416,124,290.158781
5.091131,1000,291.019686
112.770864,1000,292.454206
10.052259,1000,293.308829
12.169467,146,293.435688
-42.941212,127,293.546481
-43.168188,123,293.641652
-167.956369,819,294.353991
-10.621243,163,294.496258
-77.099687,533,294.970922
-16.111007,168,295.113259
89.853085,1000,296.014886
-38.189951,93,296.078521
19.352572,116,296.189175
-6.383636,146,296.315516
-14.597885,178,296.457658
-40.328286,105,296.552507
-30.711587,114,296.647856
-4.12426,1000,297.502374
-43.944531,83,297.581802
-37.364025,178,297.736339
2.942218,165,297.866877
-170.751316,144,297.993391
-87.217493,114,298.104072
-56.355475,109,298.183537
-13.435321,160,298.338042
19.144822,113,298.438533
-39.285137,96,298.515906
1.356785,177,298.674118
24.299985,114,298.76937
-34.646286,129,298.879998
-11.889518,147,299.006562
-2.648849,152,299.149307
-56.366658,139,299.275712
-33.575683,130,299.386714
-50.384368,98,299.46578
7.227702,123,299.576488
-24.769267,96,299.655476
-2.865148,105,299.750379
-87.212315,119,299.860999
-37.866117,170,300.003306
-9.777174,144,300.129756
13.09352,98,300.209031
-5.332139,121,300.319566
-29.643687,131,300.444888
-21.35932,137,300.556699
0.662876,250,300.777271
-69.260331,162,300.919634
-74.366219,399,301.963979
24.519574,122,302.074673
21.712691,104,302.169552
17.355287,107,302.264791
-197.374064,851,303.024869
-47.129641,104,303.1198
43.31868,1000,304.006878
-110.53396,568,304.513053
67.526214,1000,305.398888
-10.187549,108,305.493896
-41.333907,129,305.60466
81.264415,1000,306.505984
68.946566,1000,307.390799
-48.110669,116,307.501442
115.448663,1000,308.356546
-44.433124,204,308.530678
126.436275,1000,309.38524
-4.954098,103,309.480146
-28.040572,134,309.590771
-23.909233,123,309.685962
-114.640529,395,310.034071
1.256958,104,310.128864
-15.007373,175,310.273583
-10.995945,133,310.381979
-70.670005,1000,311.778207
-44.336301,85,311.851537
-2.507378,169,311.994103
-130.420411,494,312.421401
-42.305109,150,312.547911
-39.541243,107,312.627291
-28.070836,134,312.753684
-21.19246,144,312.86434
-153.382419,104,312.959587
-23.191483,1000,313.81519
-132.560711,161,313.957349
-28.322657,92,314.036536
-25.127281,133,314.147454
21.343035,81,314.210703
-21.918724,92,314.289703
-175.07371,145,314.416528
78.105429,1000,315.287624
42.252385,1000,316.157446
-80.174978,1000,317.043944
-75.981982,186,317.202526
98.623509,1000,318.071717
-43.325035,239,318.261287
42.389207,1000,319.130283
2.346444,153,319.256717
-37.066083,106,319.351521
20.534164,90,319.41514
-75.885777,84,319.499918
-2.888682,88,319.573239
-46.820483,107,319.668103
0.798049,1000,321.282956
80.550617,1000,322.217117
-5.280671,125,322.328052
-63.500799,77,322.407086
-27.979188,94,322.486278
13.339434,115,322.581185
-33.499684,167,322.73951
-26.165418,96,322.818569
11.687027,1000,323.720687
-7.136849,1000,324.62349
92.924199,1000,325.541207
48.253118,130,325.651927
-26.473514,122,325.762631
-183.911536,147,325.889162
-44.182983,189,326.063147
72.5157,1000,326.964805
-134.246031,534,327.439558
-20.488071,115,327.534672
-7.78316,122,327.645353
-82.710292,745,328.326164
-12.956401,102,328.421614
-17.822575,141,328.532033
6.965888,127,328.642826
18.540894,104,328.73801
-74.217871,95,328.832787
17.647801,111,328.927758
58.628566,1000,330.558776
176.051455,655,331.144521
12.102271,1000,332.046103
40.598317,1000,332.932162
37.569721,103,333.032264
80.637473,1000,333.934451
10.080879,1000,334.836308
86.131837,1000,335.7393
54.096559,1000,336.64115
86.194242,1000,337.54406
8.989373,1000,338.457071
-90.907924,1000,340.752514
66.642046,1000,341.63907
-7.861674,110,341.734126
-2.550428,1000,342.637053
25.042517,93,342.716094
10.87994,1000,343.618781
21.519479,1000,344.47347
-26.83322,1000,345.359444
39.351514,1000,346.229233
-44.834246,1000,347.133373
48.728912,1000,348.040393
-72.630058,590,348.582241
-155.08123,406,348.947655
255.80938,537,349.426286
-50.277021,101,349.521542
24.858162,164,351.223458
-35.44247,97,351.30279
4.659676,108,351.398102
-22.616397,111,351.493651
-11.875672,102,351.584771
-167.384021,487,352.00293
-0.535694,121,352.113859
78.15337,1000,352.988783
264.209388,313,353.262338
-5.86344,108,353.357912
95.898083,1000,354.234057
-148.853145,544,354.711499
6.434175,1000,355.621765
16.313886,141,355.749441
42.774466,1000,356.656382
-20.454807,1000,357.532851
-22.667645,1000,358.439744
-12.267161,135,358.56699
0.835743,109,358.662176
-245.681739,638,359.235045
-90.188971,145,359.36181
-27.258335,243,359.584574
-41.415711,110,359.679645
-33.342212,117,359.79135
-107.119497,132,359.906158
-71.055447,1000,362.213094
197.911971,758,362.89524
-44.216442,1000,363.786732
63.636741,1000,364.6952
-122.515336,1000,365.587358
193.670343,780,366.302932
-33.200249,247,366.526525
122.277677,1000,367.449079
224.298385,465,367.879124
-60.858594,1000,368.767412
11.127464,1000,369.675973
14.005368,179,369.83572
255.941718,208,370.026757
-14.032666,1000,372.272409
-25.575093,202,372.463352
73.91154,1000,373.386213
-8.979404,1000,374.295458
15.891746,1000,375.203367
44.223014,1000,376.124126
-24.200075,1000,377.04347
-45.480946,1000,377.953686
-32.114323,216,378.150067
-7.935683,231,378.354891
49.292692,1000,379.273023
-47.185743,1000,380.1912
-155.810902,295,380.460467
-107.720332,839,382.675843
-62.853508,1000,383.561934
-31.336402,131,383.672637
-69.164843,1000,384.575013
-44.323335,1000,385.47751
-44.515747,146,385.604312
-54.782043,1000,386.521936
-90.043926,1000,387.423568
26.368782,1000,388.34019
5.171688,1000,389.227008
-69.313904,1000,390.128628
-63.777719,1000,391.03034
8.204888,147,391.17281
-40.775384,1000,393.658603
-52.046331,1000,394.544829
-57.85718,1000,395.414412
28.370144,1000,396.315075
-28.520114,1000,397.248672
-51.144568,1000,398.166775
-52.691539,1000,399.085458
-110.324793,1000,400.002357
-62.071979,1000,400.920638
-74.677765,1000,401.837864
-23.086019,1000,404.336516
-75.704684,1000,405.254737
-61.93737,1000,406.173101
-19.42907,1000,407.091174
-65.912436,1000,408.025134
-99.528341,1000,408.942513
-27.333329,1000,409.875479
-153.481264,1000,410.792217
-75.58907,1000,411.710237
-118.137768,1000,412.644423
-99.940844,1000,414.922945
-15.134163,107,415.01836
-44.107977,215,415.208144
-70.941389,1000,416.110926
-74.418393,1000,416.99753
-89.066296,1000,417.883261
-9.860802,1000,418.800156
-52.472594,1000,419.686581
-178.422936,1000,420.573206
-57.234516,1000,421.476948
-195.3579,1000,422.393543
-216.284387,598,422.94758
126.107221,831,425.178145
-30.808656,1000,426.06341
-53.607214,1000,426.965392
-257.99308,814,427.692986
-75.79611,1000,428.578299
-95.613338,1000,429.497745
-127.930214,1000,430.430593
-86.187438,1000,431.36471
-24.511723,1000,432.28285
-58.740889,1000,433.200361
-75.604936,1000,435.668049
-139.848265,867,436.474774
-45.329015,1000,437.407308
-68.92823,1000,438.341653
-111.608392,1000,439.275957
-84.817957,1000,440.20978
-100.007943,1000,441.143736
-94.433164,1000,442.061918
-176.185237,543,442.584092
-76.861271,1000,443.518027
-75.8813,1000,444.451827
-96.119813,1000,446.918244
-38.288205,1000,447.818782
199.316748,459,448.23018
-137.08414,484,448.689723
207.802825,529,449.196
-158.899035,452,449.591678
175.062971,473,450.035084
180.970173,465,450.462611
-146.844373,1000,451.396559
257.710777,434,451.808105
-21.720574,1000,452.773096
-69.065251,1000,453.705784
145.665842,691,454.370173
155.950623,920,455.240773
-84.517342,1000,457.519013
187.374136,539,458.04177
-40.955105,1000,459.006233
-38.47692,1000,459.955874
-20.111083,1000,460.906121
-48.621893,1000,461.877235
-86.286457,1000,462.821269
-18.564251,1000,463.782459
-117.036271,1000,464.720912
-55.601585,1000,465.67045
150.290902,530,466.177163
169.36912,619,468.164183
-87.849038,1000,469.117769
147.326302,376,469.48463
-109.525674,1000,470.441093
-47.969874,1000,471.401379
-135.786575,427,471.802095
-98.753214,1000,472.751191
-227.052254,809,473.516078
-75.487378,1000,474.488482
-46.298296,1000,475.44475
214.032656,605,476.03535
-30.468975,1000,477.014922
-27.699705,1000,479.555532
-87.337944,1000,480.496843
-41.463641,1000,481.469437
-69.658315,1000,482.428751
-67.393413,1000,483.394686
-71.770787,1000,484.365722
13.757308,1000,485.320053
-51.994074,1000,486.276843
-111.981085,1000,487.240352
-93.912489,1000,488.155799
-38.729578,1000,490.493091
-51.235867,1000,491.431961
-66.845669,1000,492.40337
-65.530343,1000,493.357126
-19.861571,1000,494.329045
-52.66504,1000,495.283625
-55.21586,1000,496.238988
-25.827275,1000,497.163286
-18.418989,1000,498.107448
-55.2959,1000,499.024556
-62.163901,1000,501.523531
-76.9749,1000,502.487277
-67.568165,1000,503.436407
-14.845725,1000,504.401686
-7.943579,1000,505.366815
-30.735914,1000,506.332236
-29.278337,1000,507.290503
119.122506,719,507.976286
-48.42231,1000,508.942304
-25.733622,1000,509.907926
-58.885585,1000,512.438872
-61.805765,1000,513.356767
-33.394253,1000,514.290583
-11.034271,1000,515.223935
-55.673397,1000,516.141016
-52.346673,1000,517.073221
-42.711826,1000,517.990907
-36.834953,1000,518.924704
-3.194532,1000,519.889339
-44.155206,1000,520.852817
-47.901228,1000,523.335962
5.232362,1000,524.269091
-65.48229,1000,525.185246
-68.04795,1000,526.140065
-35.660367,1000,527.099619
-54.130913,1000,528.063814
61.352605,1000,529.048681
-78.209976,1000,530.024607
-96.710881,1000,530.989845
-66.957476,1000,531.970025
-48.599652,1000,534.516975
245.389639,388,534.897171
-71.549718,1000,535.877656
-42.000863,1000,536.841801
-45.877254,1000,537.821538
25.811467,1000,538.802661
79.702747,985,539.752335
-65.439645,1000,540.73347
284.252268,198,540.923607
-11.98692,1000,541.888646
-22.657677,1000,542.868773
-0.512033,1000,543.848515
-13.699412,1000,546.347845
-83.005862,1000,547.280568
-70.293979,1000,548.228823
-99.894781,1000,549.162857
-11.107792,1000,550.11247
-89.672388,1000,551.076918
-105.524408,1000,552.058728
-89.19107,1000,553.04016
-60.242749,1000,554.021391
-95.484865,1000,555.002521
-69.98239,1000,557.501461
-72.15689,1000,558.433429
-46.032205,1000,559.39869
-72.71134,1000,560.34818
-32.949616,1000,561.345027
275.650869,227,561.566347
-74.360421,1000,562.548218
-59.668936,1000,563.560635
-53.750883,1000,564.545493
-44.261627,1000,565.536809
-105.124611,1000,568.1533
-96.561634,1000,569.145361
-13.022884,1000,570.126736
-23.178164,1000,571.123371
-47.43678,1000,572.121004
-89.857904,1000,573.102663
-25.097141,1000,574.09907
-55.533679,1000,575.126275
-29.839563,1000,576.139342
-83.945428,1000,577.152344
-81.199527,1000,579.688461
-51.374625,1000,580.661855
-81.643734,1000,581.658165
-4.698672,1000,582.653901
-64.292046,1000,583.650926
-25.781866,1000,584.632765
-59.483627,1000,585.614191
-82.477195,1000,586.62749
-11.269584,1000,587.646422
-33.513039,1000,588.665401
-24.777786,1000,591.28585
-45.751656,1000,592.3027
-51.77616,1000,593.354358
-37.054448,1000,594.405561
-29.680465,1000,595.439636
-42.807217,1000,596.44526
-38.975694,1000,597.463654
-38.082481,1000,598.512814
-64.277584,1000,599.531299
-80.757248,1000,600.548794
-40.757556,1000,603.201762
-25.283659,1000,604.254153
-44.808676,1000,605.270912
-5.479064,1000,606.285432
-32.930982,1000,607.318611
-34.656505,1000,608.334938
-40.425469,1000,609.353303
-50.514061,1000,610.40165
-57.597959,1000,611.466648
-45.069768,1000,612.5159
-37.308729,1000,615.153303
-42.679779,1000,616.188533
-66.686278,1000,617.249829
-49.281569,1000,618.30865
-42.495249,1000,619.353467
-32.681197,1000,620.397122
-66.215757,1000,621.44116
-28.24581,1000,622.517569
-30.246652,1000,623.562207
-80.195502,1000,624.605663
-59.29466,1000,627.230456
-14.194501,1000,628.259661
-57.706977,1000,629.272798
-74.138943,1000,630.301393
-50.571865,1000,631.321455
-37.476452,1000,632.341593
-72.159324,1000,633.400831
-52.890193,1000,634.476709
-12.126384,1000,635.552789
-60.605275,1000,636.597953
-72.060634,1000,639.242597
-46.163776,1000,640.299265
-62.181522,1000,641.342925
-59.57913,1000,642.41943
-42.787972,1000,643.480352
-48.164593,1000,644.539825
-76.988881,1000,645.600763
-72.116875,1000,646.663851
-93.625378,1000,647.719222
-58.917764,1000,648.769799
-45.930751,1000,651.217132
-68.204235,1000,652.261859
23.213253,1000,653.30737
-41.348355,1000,654.35198
-25.549951,1000,655.412246
-69.503956,1000,656.489944
-59.05534,1000,657.59731
-33.818253,1000,658.696445
-68.25603,1000,659.780862
-75.652821,1000,660.887565
-36.376121,1000,663.401933
-8.148202,1000,664.493622
82.839523,905,665.490804
-48.853941,1000,666.598714
-53.138148,1000,667.690812
-94.637424,1000,668.783243
-98.811304,1000,669.843438
-111.435661,1000,670.926159
-18.562368,1000,672.012043
-121.258742,1000,673.104154
-105.092031,1000,674.196755
-68.769606,1000,676.789414
-33.519007,1000,677.86485
-65.491137,1000,678.909433
-70.481898,1000,679.953916
-103.323746,1000,681.014555
-7.061665,1000,682.074887
-25.107608,1000,683.152131
-86.438682,1000,684.227951
-101.413904,1000,685.319142
-27.727222,1000,686.393771
-104.442972,1000,689.019198
-29.918585,1000,690.094306
-56.674234,1000,691.201307
213.545183,535,691.78723
-39.781488,1000,692.886571
-90.258838,1000,693.970904
-63.649952,1000,695.045342
-106.932798,1000,696.121072
-110.130208,1000,697.196633
-8.508749,1000,698.27189
-22.682969,1000,700.930522
-6.792859,1000,702.007533
-6.489417,1000,703.067678
-8.857719,1000,704.127965
-52.766101,1000,705.17293
-32.843558,1000,706.249208
55.344552,967,707.281286
-108.407913,1000,708.363011
0.78269,1000,709.428325
-50.594936,1000,710.493496
39.945787,97,710.605136
-33.192238,1000,713.243592
-23.749191,1000,714.259715
-71.326639,1000,715.292735
-90.057628,1000,716.324528
-1.836359,1000,717.357385
-69.542954,1000,718.389127
11.886709,1000,719.43637
162.430944,638,720.103835
-84.868758,1000,721.152283
261.44972,235,721.390867
-81.106586,1000,722.47086
-34.791015,1000,725.09272
-82.434425,1000,726.142962
-72.361796,1000,727.193
-37.441955,1000,728.1954
-62.507183,1000,729.228413
-83.528905,1000,730.293273
-33.671235,1000,731.385259
-63.073913,1000,732.459076
-39.915936,1000,733.526088
-75.848272,1000,734.594543
-62.607314,1000,737.232935
-45.702247,1000,738.309847
-35.591873,1000,739.418797
-52.272285,1000,740.495142
-111.4241,1000,741.587419
141.534806,614,742.267113
-37.928278,1000,743.344558
-33.571057,1000,744.423142
-56.511563,1000,745.513401
-91.866498,1000,746.58924
-72.416378,1000,749.245568
-83.417756,1000,750.290303
-67.589267,1000,751.351065
-37.00529,1000,752.3943
118.54365,867,753.310806
0.428376,1000,754.371552
-58.899208,1000,755.400472
-42.035819,1000,756.456713
78.509183,958,757.472344
-51.020227,1000,758.515589
-110.351515,1000,759.574822
-67.644275,1000,762.184274
-60.988355,1000,763.258919
-68.64988,1000,764.318632
-83.701158,1000,765.37918
-111.53104,1000,766.470697
174.191058,468,766.977407
-73.155265,1000,768.053427
-42.124058,1000,769.130127
153.081156,666,769.841581
-32.690842,1000,770.918466
-76.45507,1000,771.979484
43.221971,952,774.525173
-48.423231,1000,775.569565
-91.961025,1000,776.608756
-96.155713,1000,777.658567
-106.018162,1000,778.687278
-23.355273,1000,779.716568
-27.134576,1000,780.744421
-86.690816,1000,781.787972
-115.6331,1000,782.847203
-30.490428,1000,783.92402
-32.365054,1000,786.566393
-90.481733,1000,787.641052
-106.223884,1000,788.716788
-153.528167,1000,789.777437
2.794589,1000,790.869915
104.39176,893,791.835603
7.357325,1000,792.895049
-51.664059,1000,793.970231
-96.322852,1000,795.050922
-95.481733,1000,796.120996
33.567343,870,798.01325
-87.785358,1000,798.951144
-91.264986,1000,799.88014
-75.467997,1000,800.663179
-95.948475,1000,801.563012
-99.028158,1000,802.497673
-99.978564,1000,803.378896
-114.210911,1000,804.313317
-122.177094,1000,805.195322
-12.535944,1000,806.129899
169.393842,655,807.445644
-141.16643,1000,808.260931
-203.265127,1000,809.126499
-204.50449,1000,810.055842
-67.30672,1000,810.970121
79.43242,931,811.794797
-157.610026,1000,812.772504
-118.945348,1000,813.744671
-70.269719,1000,814.61482
-25.041184,1000,815.511423
176.590992,760,817.01127
-161.233886,1000,817.981712
-162.030727,1000,818.901914
-41.210758,1000,819.760788
-117.714382,1000,820.611557
22.601483,1000,821.561112
257.780513,274,821.83202
-16.129126,1000,822.707231
-32.439732,1000,823.544631
-94.777657,1000,824.414409
-32.651813,1000,825.261185
69.440775,958,826.924355
-23.658555,1000,827.773269
-131.984233,1000,828.644606
-128.311114,1000,829.511209
-89.784572,1000,830.285369
-39.104744,1000,831.129358
-96.815639,1000,832.002937
-29.971824,1000,832.861048
-110.600295,1000,833.689106
-79.322809,1000,834.494749
-71.909628,1000,836.167512
87.160915,800,836.841307
-76.461324,1000,837.743886
-65.906059,1000,838.59818
27.029502,86,838.698238
-70.260984,1000,839.560977
-28.895578,1000,840.496967
-68.93578,1000,841.411171
-78.036379,1000,842.24448
-126.242483,1000,843.127559
285.617838,182,843.247092
65.247173,79,843.327948
215.045909,506,843.811151
-54.301624,1000,844.693271
-93.670627,1000,846.194305
-35.292259,1000,847.08315
-44.48762,1000,848.011066
-24.921567,1000,848.894245
-71.820909,1000,849.82743
-82.690308,1000,850.760264
-49.959708,1000,851.593638
-115.332637,1000,852.448023
-32.736048,1000,853.354031
-102.947153,1000,854.190521
-74.025801,1000,855.900091
-55.657379,1000,856.796017
-84.180222,1000,857.692361
-35.022902,1000,858.624064
157.797567,504,859.022342
-92.837223,1000,859.877595
242.189026,338,860.138275
-57.823604,1000,861.032057
-86.114776,1000,861.932776
-106.119753,1000,862.818225
178.423914,685,863.350431
-80.100128,1000,864.814059
-9.508716,1000,865.658146
-50.261052,1000,866.589986
-23.161921,1000,867.480534
-106.408613,1000,868.382395
-118.897486,1000,869.26849
186.664356,536,869.790304
155.448529,735,870.444243
214.52647,358,870.716365
237.57328,206,870.960564
170.560042,586,871.436482
199.178381,388,871.76663
-57.06732,1000,872.603499
-40.611941,1000,874.329542
-62.207682,1000,875.177242
-45.953709,1000,876.000758
258.550475,239,876.216172
116.715576,930,877.04934
195.064174,325,877.346354
86.033839,857,878.116853
-71.765147,1000,878.991568
-91.401946,1000,879.837696
-99.233513,1000,880.747083
-92.670871,1000,881.655697
-14.041926,1000,882.498318
-115.203212,1000,884.215981
90.465299,848,885.064575
170.366269,491,885.468539
-36.396398,1000,886.406499
-18.137138,1000,887.305485
-109.0863,1000,888.21118
-35.868676,1000,889.146339
-29.485993,1000,890.040457
57.359856,901,890.835895
-46.541986,1000,891.713399
-68.004656,1000,892.565094
-27.330732,1000,894.286881
186.784433,488,894.719376
-64.893391,1000,895.567306
-72.095524,1000,896.427123
-60.116016,1000,897.336973
134.792518,727,897.959269
-98.388715,1000,898.790847
276.519605,163,898.926444
248.680193,309,899.225631
-96.977065,1000,900.087323
-45.584143,1000,900.96093
240.904453,180,901.121294
-56.586861,1000,902.010087
-21.825662,1000,903.693371
-76.575255,1000,904.492584
31.036363,1000,905.320089
101.47479,659,905.884187
-9.855981,1000,906.707533
-49.721084,1000,907.599878
-37.43738,1000,908.506201
-31.350447,1000,909.409907
-41.571432,1000,910.307293
-38.852516,1000,911.084932
5.061613,1000,912.683148
-70.302412,1000,913.518647
-11.481818,1000,914.395752
29.083613,1000,915.282202
-82.874196,1000,916.197943
-67.10375,1000,917.070539
174.911039,364,917.373087
-29.215334,1000,918.290053
-6.345788,1000,919.195263
-69.720768,1000,920.049037
-31.396847,1000,920.952937
-48.787133,1000,922.676514
50.206553,930,923.48448
-25.347491,1000,924.392226
-34.000893,1000,925.345517
-78.166793,1000,926.188853
-70.908629,1000,927.085566
-38.807063,1000,927.94704
220.108127,335,928.259011
-33.054609,1000,929.160311
-23.841418,1000,930.023259
99.606246,936,930.878481
-46.106964,1000,932.564575
107.457135,851,933.332963
255.919564,426,933.699059
-43.125412,1000,934.642102
-76.898275,1000,935.464388
15.238685,1000,936.354257
-58.812422,1000,937.236641
103.205984,977,938.067413
-73.852623,1000,938.884612
-3.847596,209,939.102344
249.340487,368,939.436054
205.799994,811,940.160375
-44.024114,1000,941.782257
-15.491675,1000,942.675603
195.806572,388,942.986144
213.947793,607,943.516396
-44.623722,1000,944.414738
-64.162619,1000,945.279536
66.603603,980,946.157551
209.909342,346,946.506569
27.991182,95,946.569002
272.651273,299,946.826536
-70.618633,1000,947.683683
-34.208549,1000,948.513011
68.103713,987,949.351167
141.100136,600,949.943775
81.175908,184,950.934992
160.773526,624,951.505364
249.68298,464,951.966494
-42.741451,1000,952.811287
139.778647,554,953.236295
-11.323752,1000,954.14747
-44.209133,1000,955.026366
-32.856881,1000,955.97872
167.914302,931,956.829724
-57.066508,1000,957.644593
-51.000263,1000,958.493245
-50.717527,1000,959.263355
99.050923,863,960.818233
-42.215124,1000,961.693436
86.719337,959,962.562438
-11.581916,1000,963.408165
-37.894965,1000,964.307855
277.567277,551,964.829677
139.052899,616,965.366946
-50.044468,1000,966.212763
32.717841,1000,967.081921
218.522771,418,967.40778
165.952845,722,968.039224
191.330937,587,968.554622
-53.523314,1000,970.036957
198.359655,329,970.322216
223.431469,624,970.861707
-55.059491,1000,971.695077
-27.201433,1000,972.559361
184.225213,421,972.858278
119.282274,722,973.45288
83.060166,749,974.028367
-70.417703,1000,974.834087
190.655951,570,975.318339
183.859807,569,975.817569
137.018632,712,976.409748
175.914328,482,976.807937
-18.879075,594,977.312855
168.441201,700,977.923789
115.946183,801,979.353326
245.583036,223,979.569122
60.91673,1000,980.427681
98.27594,878,981.199966
244.383881,504,981.668911
187.897315,525,982.148329
-28.111916,1000,983.011515
247.930171,215,983.226481
158.408512,653,983.817019
160.399822,871,984.577114
222.926371,606,985.132307
120.619883,554,985.62149
212.889674,421,986.022337
142.307379,632,986.613744
130.609469,834,987.367081
-30.9526,479,988.556288
189.713763,642,989.099718
149.381877,774,989.800756
-21.089997,1000,990.661576
-13.729378,1000,991.54876
260.525018,359,991.848292
151.862683,720,992.480963
176.73673,666,993.033047
186.988272,616,993.533293
175.75613,669,994.105494
202.894934,601,994.664209
-35.01805,1000,995.503909
105.394982,812,996.237751
175.811372,381,996.600066
225.994978,264,996.819341
197.437179,543,997.952882
46.022563,1000,998.878474
125.853218,634,999.473065
219.231856,564,999.979548
188.233251,485,1000.392425
168.45169,730,1001.026705
123.924645,953,1001.83123
249.918512,317,1002.114278
-51.825223,482,1002.530509
37.163995,1000,1003.411477
253.138312,589,1003.9499
37.361429,1000,1004.817511
-46.697308,1000,1005.679261
181.442724,541,1006.199475
157.345151,595,1006.743164
213.418102,377,1007.725577
63.617107,1000,1008.668166
-29.793018,447,1009.086746
176.065742,556,1009.594398
173.519565,377,1009.902068
135.498318,788,1010.560003
196.818987,833,1011.348394
224.833582,490,1011.806166
182.890778,977,1012.693279
204.727581,453,1013.082762
29.106833,160,1013.214703
-28.789832,1000,1014.121192
137.40952,863,1014.853276
202.81742,336,1015.134575
-20.617876,1000,1015.982257
