#{"t_start": 1782387490.4808161, "env_id": "LunarLander-v3"}
r,l,t
-126.664814,63,0.0
-123.661574,81,0.039431
-213.642331,96,0.100043
13.414924,78,0.174546
-136.431782,108,0.25623
-75.380176,75,0.325894
-178.2666,70,0.393527
-186.426575,122,0.49352
-392.612201,99,0.546708
-77.480242,73,0.616538
-119.201002,104,0.714958
-439.756708,93,0.783081
-149.592295,97,0.846929
3.351618,110,0.964564
-139.992152,96,1.04687
-346.780278,88,1.132504
-133.324572,61,1.199069
-64.719776,78,1.247956
-358.280582,100,1.323108
-244.974237,131,1.397592
-127.391723,110,1.460187
-68.351279,127,1.533122
-128.66569,83,1.582656
-161.481689,70,1.616366
-86.920564,68,1.649079
-134.607434,105,1.718125
-104.155318,118,1.812597
-120.571311,67,1.880799
-96.354388,78,1.950308
-312.466753,77,2.034676
-345.001486,96,2.103535
-185.487952,104,2.165716
-176.692588,79,2.213691
-127.485267,67,2.265704
-180.150887,151,2.420351
-120.118963,68,2.482564
-94.884632,88,2.551225
-116.916304,86,2.623478
-352.382443,79,2.685401
-96.428249,103,2.76829
-222.686877,75,2.849415
-439.952789,139,2.982743
-164.451706,110,3.067642
-119.47991,81,3.126711
-248.397781,99,3.184732
-130.973278,103,3.231796
-329.048168,116,3.313259
-101.688223,72,3.348426
-234.339427,127,3.431349
-216.237808,91,3.480518
-170.419502,89,3.536664
-261.772246,98,3.58255
-80.364098,62,3.615916
-102.764462,84,3.679154
-198.663953,110,3.733881
-108.97918,59,3.779005
-326.62966,116,3.832358
-276.688275,135,3.918237
-329.289017,87,3.965686
-124.572919,90,4.018517
-245.930478,77,4.065692
-253.413227,108,4.139635
-123.75425,75,4.186521
-110.642382,97,4.235497
-142.056619,104,4.307417
-136.266134,71,4.350341
-179.962793,64,4.393993
-132.368084,97,4.449037
-293.4612,115,4.515943
-257.866287,78,4.565965
-113.877647,97,4.615891
-177.699107,75,4.671586
-266.372949,127,4.749509
-112.39191,67,4.781856
-313.165353,102,4.851664
-215.439254,122,4.922683
-267.381843,96,4.982332
-127.689171,90,5.032361
-128.681802,75,5.065689
-78.219893,61,5.113063
-247.501847,120,5.169021
35.975569,89,5.232297
-85.875118,65,5.26836
-152.780899,69,5.315244
-118.715199,90,5.365687
-214.656301,91,5.424769
-523.556569,127,5.502039
-97.674072,72,5.532556
-146.584398,87,5.584981
-321.815777,108,5.649331
-212.812558,95,5.72108
-145.001747,103,5.780977
-166.296707,110,5.848217
-246.47462,111,5.910396
-335.646335,89,5.968912
-375.420565,126,6.066004
-165.63134,86,6.166014
-87.646305,65,6.232632
-89.074569,73,6.297396
-164.307042,106,6.415783
-106.14891,84,6.49754
-104.247584,114,6.613992
-226.126286,89,6.710451
-238.289005,77,6.787647
-110.027604,68,6.851233
-126.977415,97,6.951668
-107.334432,73,7.030752
-425.167975,75,7.098326
-551.985477,116,8.295692
-49.950718,113,8.359674
-125.134015,115,8.434523
-130.752311,126,8.570622
-112.3722,71,8.634508
-166.990199,88,8.715685
-134.15633,88,8.81905
-401.308011,107,8.930793
-278.409557,102,9.036827
-94.423655,105,9.131502
-226.686686,128,9.271337
-426.459147,95,9.365751
-104.41214,97,9.462867
-266.550021,92,9.529241
-72.216456,68,9.568129
8.297144,83,9.627337
-239.036544,65,9.66816
-61.186524,138,9.750315
-234.738296,126,9.82924
-50.792163,64,9.865838
-122.11185,118,9.939299
-279.024265,100,9.999375
-437.038312,130,10.06561
-273.330843,129,10.191884
-163.732909,115,10.299623
-175.379514,118,10.382302
-48.635656,117,10.449348
-157.320223,111,10.516748
-131.735103,69,10.565967
-133.490337,110,10.63373
-147.564788,131,10.698996
-110.407402,68,10.754514
-47.749099,69,10.822971
-89.984049,82,10.901078
-248.94943,147,11.013508
-94.968272,77,11.051839
-352.960641,139,11.183942
-81.168452,71,11.267455
-173.544201,105,11.334195
-117.263627,113,11.399127
-455.3664,113,11.480037
-109.735935,101,11.53375
-100.431044,113,11.600579
-236.76592,104,11.665566
-111.690428,76,11.700677
-97.25867,74,11.764066
-239.363889,94,11.819688
-116.413074,97,11.883565
-132.212584,120,11.965677
-80.950396,94,12.019963
-91.631931,107,12.080287
-283.688965,108,12.149878
-118.453314,103,12.220451
-114.493675,97,12.282223
-484.93349,140,12.366054
-240.958966,99,12.435097
-162.904501,99,12.481832
-92.165701,67,12.534752
-159.281803,106,12.597941
-77.138677,92,12.650386
-118.544395,122,12.734829
-111.125289,102,12.798185
-100.276229,95,12.851097
-99.792468,117,12.93161
-114.250738,79,12.966072
-77.712707,62,13.015611
-179.598011,81,13.067029
-328.191306,107,13.132554
-92.224368,128,13.222321
-155.246978,131,13.331663
-156.251886,84,13.422921
-105.76094,74,13.50003
-126.621647,86,13.582816
-277.624727,104,13.701283
-86.294854,66,13.765598
-132.109667,81,13.83371
-131.911355,102,13.897397
-288.017388,90,13.999293
-276.608855,90,14.082772
-127.670546,86,14.149051
-22.893195,72,14.224655
-249.568983,137,14.351481
-310.121647,101,14.451402
-133.353382,70,14.515305
-72.296335,64,14.565869
-213.671739,84,14.668489
-285.694597,127,14.799586
-112.694117,77,14.884936
-337.388447,106,15.000239
-166.841571,87,15.103046
-96.676938,112,15.16575
-206.383969,118,15.24831
-96.893088,78,15.299115
-82.403445,114,15.366064
-120.438358,72,15.426836
-233.397823,133,15.56444
-198.805101,110,15.681049
-142.410533,140,15.818364
-40.600518,123,15.917664
-197.223217,74,15.996575
-34.037864,111,17.165696
23.723602,133,17.248583
-140.005348,89,17.3367
-123.269762,62,17.366087
-70.494418,81,17.417315
-92.296116,77,17.465579
-94.353735,95,17.517969
-149.988471,75,17.597811
-121.733224,121,17.715865
-74.157292,57,17.750446
-178.254231,88,17.815082
-162.693898,96,17.920235
-54.9641,76,17.982264
-161.836927,82,18.069237
-162.300576,106,18.143814
-58.891542,84,18.195527
-107.106948,165,18.332303
-211.882265,101,18.453279
-101.852111,70,18.52966
-350.466209,111,18.647764
-140.799539,84,18.732661
-255.943897,87,18.827396
-89.377303,61,18.899385
-106.565235,70,18.979777
-76.74363,63,19.045822
-127.60163,128,19.160688
-117.797938,119,19.291632
-94.123244,113,19.399141
-94.223328,74,19.482617
-70.833395,71,19.565995
-102.768524,76,19.635086
-49.517921,132,19.781631
-96.108963,68,19.849305
-94.290735,74,19.915015
-113.149225,60,19.98164
-109.257662,118,20.099298
-105.590732,81,20.182578
-148.716607,89,20.284045
-171.814703,109,20.3969
-69.844983,73,20.44592
-133.384038,95,20.500001
-135.438034,105,20.565655
-125.167502,79,20.648978
-157.886126,98,20.759954
-146.260859,92,20.849272
-296.698169,93,20.963664
-265.456976,113,21.082086
-96.125892,64,21.148864
-86.34153,67,21.198282
-105.863749,62,21.249152
-113.837746,101,21.365522
-116.018666,71,21.436446
-128.660274,112,21.550344
-153.942793,88,21.648965
7.986551,91,21.751589
-120.495081,96,21.851429
-154.975456,137,21.998911
-253.915035,141,22.148401
-252.839839,104,22.264889
-271.743943,86,22.298841
-129.957179,102,22.371334
-203.179288,91,22.430388
-95.551427,99,22.484625
-103.894033,109,22.548067
-83.830747,106,22.614803
-155.584744,133,22.698857
-122.856882,82,22.762047
-120.446591,78,22.801487
-155.075409,75,22.863576
-122.894814,83,22.917257
-259.516832,96,22.964798
-109.605028,106,23.032262
-315.49903,94,23.095248
-344.188075,143,23.248891
-188.058774,72,23.33353
-111.270602,100,23.439124
-205.940428,67,23.499279
-100.027875,87,23.598369
-110.953999,61,23.665533
-172.127167,135,23.799318
-135.540568,87,23.882274
-102.490135,100,23.994372
-262.320855,71,24.067505
-164.349355,115,24.168041
-83.875082,77,24.215902
-129.206749,102,24.284819
-92.75924,71,24.331726
-148.74433,103,24.405004
-129.325752,110,24.465876
-99.65853,109,24.548252
-356.839976,103,24.61561
-87.5862,131,24.761387
-201.084055,73,24.83746
-97.521593,98,24.94112
-82.400055,130,25.08267
-140.172854,119,25.207217
-119.026127,138,25.35054
-40.937904,145,25.519999
-80.590791,88,25.615065
-111.26836,76,25.697452
-299.455283,92,25.791592
-181.127526,108,25.862639
-106.678077,141,25.982541
-26.474604,117,26.082289
-75.201371,75,26.138717
-110.366889,88,27.234258
-109.756187,112,27.350457
-80.377973,145,27.480296
-131.104687,63,27.548478
-109.928123,105,27.632536
-114.977219,105,27.734583
-45.828681,83,27.815366
-166.192451,119,27.951436
-118.490536,97,28.049987
-196.673044,101,28.146815
-60.741922,79,28.214989
-120.396895,78,28.298576
-131.636256,132,28.457331
-137.772446,102,28.52125
-150.261204,95,28.580494
-125.823155,77,28.617066
-82.685013,75,28.676657
-95.59155,82,28.732202
-64.867225,161,28.912956
-154.071207,70,28.983153
-63.024113,77,29.06351
-73.9154,131,29.181555
-322.010877,173,29.352139
-88.921199,96,29.428679
-112.114376,72,29.503898
-143.449998,72,29.565666
-131.166943,85,29.667761
-356.128999,104,29.782128
-106.04937,115,29.852992
-60.545548,89,29.933672
-283.848718,141,30.083985
-132.816014,106,30.20085
-201.120179,119,30.331455
-114.413838,107,30.447506
-115.280061,94,30.535567
-127.32937,97,30.63171
-73.852806,68,30.690781
-99.750193,76,30.773674
-112.780257,77,30.839853
-87.451859,67,30.887484
-95.037778,90,30.942309
-56.590437,64,30.982992
-135.857801,90,31.063525
-84.002485,92,31.163675
-109.96656,92,31.263106
-108.198759,91,31.359888
-68.857513,84,31.438529
-68.782348,105,31.525885
-91.342007,81,31.576452
-102.271914,94,31.634783
-84.058256,135,31.77607
-110.387311,79,31.853074
-113.199846,70,31.90088
-192.581667,98,31.966206
-101.053578,118,32.093702
-267.188738,119,32.190714
-99.614741,110,32.293978
-52.240737,118,32.398809
-43.622064,134,32.546874
-106.96273,69,32.60437
-95.168947,122,32.722096
-82.073168,94,32.823982
-85.588305,108,32.938497
-64.976497,111,33.058239
-89.987311,74,33.136908
-67.570056,73,33.19374
-284.710204,87,33.249564
-109.542005,132,33.354774
-146.102261,82,33.443593
-126.57573,81,33.530447
-121.874335,127,33.668569
-84.023191,124,33.805572
3.110915,131,33.934308
-91.18252,81,33.987002
-112.607927,91,34.042914
-11.441491,88,34.099247
-90.408765,122,34.231011
-102.748205,104,34.304159
-129.883443,119,34.415504
-128.415888,108,34.529829
-51.200412,97,34.630632
-112.331016,73,34.707619
-121.220686,96,34.809975
-96.435395,106,34.92782
-67.873184,148,35.078836
-132.814875,75,35.143539
-128.32212,100,35.207662
-168.671246,57,35.246192
-98.257059,101,35.3131
-109.042696,107,35.383957
-67.205883,85,35.45249
-86.163554,123,35.534415
-89.435252,77,35.585971
-67.269502,73,35.653754
-125.30413,96,35.758991
-95.598677,72,35.839195
-130.760416,101,35.934173
-56.288842,134,36.093604
-89.088171,134,36.234804
-69.96953,87,36.329723
-85.05436,85,36.402052
-117.964394,95,37.107333
-161.966187,110,37.221889
-86.890733,87,37.283115
-112.253745,69,37.351529
-131.132921,106,37.465866
-123.666932,91,37.554107
-91.821586,133,37.638366
-110.020557,87,37.695136
-72.681311,100,37.756429
-125.260838,133,37.837694
-85.96579,103,37.900995
-128.19485,125,37.978129
-118.075937,109,38.044131
-132.321712,94,38.104473
-55.414544,66,38.145493
-89.55791,68,38.188753
-80.373722,75,38.235715
-38.482487,75,38.285432
-173.761196,94,38.345579
-77.639705,65,38.418296
-65.217155,78,38.478236
-97.674437,102,38.55192
-66.804877,76,38.598084
-57.929535,95,38.658209
-78.610171,61,38.682564
-208.507744,100,38.763457
-79.11676,85,38.817563
-37.855415,75,38.866955
-67.899285,73,38.906389
-135.536933,104,38.976476
-80.047096,61,39.015578
-61.236558,115,39.084079
-106.763029,87,39.146556
-103.202145,152,39.251286
-81.406573,113,39.315426
-59.375533,110,39.399086
-62.520374,63,39.443253
-169.961025,94,39.498797
-80.760235,121,39.58297
-125.067408,82,39.641183
-73.853222,103,39.71138
-71.477809,100,39.778146
-108.711574,128,39.860418
-134.017734,89,39.911707
-77.530382,125,39.990334
-59.365872,107,40.050673
-82.086382,72,40.11767
-114.884426,108,40.232211
-115.348406,150,40.33871
-198.591896,84,40.428797
-68.671347,126,40.56637
-79.023062,62,40.638734
-54.018053,67,40.713494
-90.66919,88,40.798749
-56.840549,92,40.894738
-64.530901,101,40.977061
-94.341177,103,41.040956
-105.793057,69,41.082161
-192.465346,76,41.131378
-103.824208,74,41.20105
-98.942868,133,41.29934
-22.511097,90,41.357404
-64.720636,78,41.409867
-40.945365,79,41.461279
-155.155051,106,41.565884
-82.452986,66,41.623698
-76.921335,76,41.703583
-104.470394,127,41.80932
-90.305423,110,41.90115
-118.208333,149,42.068686
-90.698394,82,42.149399
-107.758822,69,42.228022
-71.696992,98,42.320915
-88.636197,164,42.501575
-134.1548,133,42.645358
-88.961344,132,42.757285
-112.549574,90,42.829231
-121.187505,84,42.910385
-89.382493,68,42.971184
-116.973098,106,43.066353
-126.589599,72,43.145111
-64.943063,108,43.24193
-127.648333,113,43.318915
-82.100064,77,43.368316
-123.812086,148,43.464931
-84.879523,95,43.525974
-19.071087,165,43.633484
-94.659387,115,43.709974
-176.651549,151,43.805903
-95.119213,99,43.869276
-89.01187,90,43.9288
-138.942977,83,43.979999
-135.194795,147,44.113239
-171.15507,99,44.178166
-127.010324,115,44.251405
-82.598591,113,44.326172
-117.811428,119,44.40579
-113.015207,86,44.460818
-34.858632,96,44.524322
-120.174471,90,44.584014
-82.45948,104,44.652231
-58.320944,85,44.70056
-75.348684,79,45.122885
-176.280292,146,45.275482
-14.261081,118,45.363119
-25.819834,140,45.448225
-76.508765,146,45.538978
-141.584359,98,45.604269
-96.322615,136,45.689915
-139.625196,109,45.760198
-144.180864,126,45.837695
-107.400349,118,45.963693
-129.09645,143,46.085854
-83.599468,105,46.156179
-101.754971,129,46.305933
-63.473738,119,46.411032
-80.912684,123,46.54229
-101.030974,77,46.616778
-243.422009,110,46.69877
-132.347471,88,46.762747
-139.18656,94,46.869661
-60.197033,140,47.006626
-102.391145,131,47.093962
-107.203853,93,47.155374
-82.121697,90,47.214379
-165.55775,109,47.311476
-74.220547,149,47.414505
-143.210235,114,47.489459
-112.446311,85,47.556496
-65.951402,115,47.632571
-72.202219,69,47.680748
-111.759833,127,47.797546
-69.507373,78,47.88568
-124.408762,90,47.976801
-85.116151,70,48.054574
-109.291835,104,48.170969
-122.554088,130,48.297149
-81.050429,109,48.368305
-70.277313,85,48.457901
-81.92266,130,48.602558
-52.822576,69,48.669878
-123.674977,105,48.76476
-57.409369,89,48.84386
-120.371248,142,48.956801
-118.501682,134,49.096597
-104.51242,70,49.176388
-139.262022,124,49.314163
-83.466521,62,49.354898
-92.273348,139,49.47227
-109.838204,78,49.558639
-56.699728,127,49.692028
-118.927012,78,49.773517
-148.24329,103,49.871752
-98.705425,72,49.917292
-102.180651,119,49.995109
-111.529156,75,50.044388
-110.696235,116,50.121025
-182.610424,125,50.203577
-58.606859,158,50.346289
-61.584688,72,50.395414
-86.2509,63,50.433952
-178.051982,130,50.522337
-84.672069,89,50.580521
-143.024895,115,50.655501
-118.928395,103,50.734593
-63.186995,104,50.853411
-137.756976,142,50.968122
-79.459819,95,51.035421
-37.063496,141,51.183329
-84.463188,117,51.287539
-64.048731,125,51.434658
-55.747309,131,51.577624
-81.897075,84,51.660266
-126.510631,104,51.770648
-106.63695,73,51.855837
-63.11543,93,51.951416
-113.68069,127,52.082345
-83.379825,127,52.207975
-10.018806,96,52.318204
-108.307665,116,52.448472
-136.523697,90,52.550111
-46.325728,105,52.662946
-95.749126,104,52.778095
-69.846804,74,52.848588
-22.942533,111,52.93205
-70.142975,109,53.055702
-76.123701,136,53.149049
-274.660945,148,53.248385
-148.645586,124,53.330443
-68.501482,133,53.420585
-70.114003,155,53.591302
-100.962107,92,53.696491
-62.802864,89,53.797399
-80.938368,102,54.392702
-95.980533,106,54.457309
-102.750022,80,54.535606
-62.20306,120,54.665128
-73.490544,123,54.778548
-50.496457,116,54.88975
-89.370765,97,54.947799
-96.600923,88,55.005166
-47.121984,108,55.072682
-100.399336,90,55.130886
-46.307788,111,55.210733
-130.642067,92,55.265633
-44.413694,102,55.33509
-73.986895,109,55.413357
-29.589688,137,55.508359
-32.568025,136,55.600554
-39.813366,88,55.676064
-99.622117,109,55.791283
-62.429588,145,55.897287
-60.942157,105,55.968888
-62.012987,91,56.066864
-36.483613,131,56.217602
-140.526898,97,56.329734
-91.643598,115,56.448008
-64.68461,122,56.595833
-27.505134,89,56.650536
-94.521907,97,56.732598
-92.920668,70,56.801901
-148.757976,72,56.850799
-105.01803,106,56.918492
-101.553305,126,56.996358
-59.235032,94,57.065655
-87.249965,121,57.183024
-80.85212,110,57.300324
-166.480583,117,57.397856
-84.618717,97,57.45196
-44.676719,104,57.532272
-120.913079,104,57.598847
-83.732638,94,57.697778
-76.607155,88,57.767016
-93.764943,116,57.884497
-66.822003,134,58.017958
-67.175845,92,58.099682
-115.558935,89,58.199006
-126.625051,75,58.284823
-97.189914,109,58.400342
-94.010812,127,58.532108
-49.402171,133,58.649083
-72.088105,116,58.732475
-43.939741,99,58.801283
-64.684051,126,58.882263
-129.554565,95,58.948591
-96.405614,85,59.015343
-74.163317,96,59.082316
-85.787278,118,59.149297
-40.743232,90,59.21629
-75.816417,109,59.298148
-63.18198,137,59.383463
-106.917901,75,59.434455
-97.764265,98,59.49945
-57.978014,116,59.582625
-51.938805,116,59.668833
-110.640698,99,59.732071
-20.448659,124,59.815451
-31.084312,126,59.901429
-94.212177,121,59.983555
-96.077407,111,60.068141
-81.101016,144,60.162519
-128.913518,91,60.232103
-152.228682,128,60.315471
-95.02957,104,60.384266
-22.270648,110,60.463235
-89.385953,74,60.517407
-36.687687,74,60.566209
-34.645792,83,60.619218
-57.920825,83,60.680614
-78.558052,79,60.734311
-108.718034,98,60.798168
-110.012078,115,60.865832
-26.950222,99,60.93385
-70.011415,165,61.052543
-65.495886,100,61.115473
-135.22991,102,61.182147
-85.865223,86,61.250169
-82.20974,119,61.334847
-46.161792,74,61.384463
-102.426668,145,61.481395
-74.762893,102,61.551643
-143.08789,115,61.631299
-33.479313,134,61.716565
-42.494251,81,61.76837
-108.077765,114,61.847633
-47.643543,129,61.930378
-60.850992,110,62.001396
-132.81699,144,62.438589
-25.03304,101,62.518077
-70.525044,128,62.649039
-101.267313,91,62.764913
-150.592556,112,62.852369
-75.289536,123,62.933878
-90.894208,98,63.013355
-74.240178,116,63.131393
-59.409299,117,63.212955
-71.751265,77,63.267577
-56.809538,127,63.404153
-68.471093,144,63.565435
-42.628371,104,63.674873
-104.029311,110,63.812847
-99.371531,163,63.963454
-101.079532,161,64.074818
-75.035632,121,64.157279
-132.736945,107,64.284457
-11.608583,150,64.458706
-68.715601,114,64.558666
-65.822652,77,64.611957
-81.681518,108,64.68719
-98.981358,76,64.739959
-96.945071,97,64.798042
-90.660335,107,64.917999
-59.799117,144,65.063349
-59.292113,82,65.153646
-85.90677,110,65.260069
-54.312592,92,65.342714
-129.744226,123,65.484246
-68.861641,113,65.581306
-39.050375,83,65.63946
-80.122799,88,65.706575
-128.483692,124,65.823054
-62.028308,100,65.915454
-55.525035,93,65.980469
-68.711791,114,66.091536
-77.312037,115,66.21077
-70.869143,81,66.284428
9.895894,145,66.465844
-81.911785,127,66.591637
-97.962592,119,66.693242
-8.93858,82,66.763798
-78.540023,124,66.891745
-109.642692,82,66.984083
-78.06538,119,67.085679
-208.723918,118,67.167759
-60.984456,71,67.21537
-188.518887,113,67.340585
-46.836091,140,67.491658
-21.409873,82,67.587299
-53.447117,124,67.700175
-20.527994,98,67.803237
-88.38977,91,67.868026
-102.779697,115,67.971882
-45.572082,88,68.076523
-90.016721,93,68.160728
-46.766234,86,68.252444
-80.184402,119,68.336506
-83.43904,125,68.469888
-69.070154,94,68.55117
-59.893316,105,68.620667
-53.67231,89,68.684579
-117.407532,92,68.763567
-5.905484,158,68.94685
-127.165147,120,69.06413
-63.28657,87,69.162914
-43.419587,137,69.325739
-106.832134,120,69.443675
-88.564851,105,69.530439
-64.751692,162,69.717316
-14.626598,93,69.805763
-88.69907,95,69.917505
-65.140938,130,70.052135
-17.852336,111,70.193158
-41.929794,112,70.326066
-93.22122,111,70.449479
-59.398014,95,70.560604
-125.122453,96,70.624022
-47.293907,121,70.712562
-49.828545,135,70.834249
-49.459068,135,70.982359
-70.513835,84,71.072065
-8.982234,97,71.19123
-41.37346,86,71.252709
-76.65464,81,71.342792
-94.03733,112,71.470745
-198.575849,126,71.583523
-80.402709,103,71.692706
-10.102132,133,71.844446
-28.82941,88,71.944569
-51.231283,84,72.481486
-122.869991,84,72.57244
-42.940636,130,72.688277
-60.309681,133,72.779549
-53.296483,77,72.829663
-101.282325,124,72.909837
-55.243833,101,72.979303
-78.010827,122,73.064541
-86.800033,107,73.134916
-133.716307,78,73.186705
-90.464468,98,73.252659
-68.888518,135,73.398727
-67.027267,128,73.534498
-86.158184,128,73.667743
-86.74788,133,73.808141
-33.531614,68,73.891647
-6.461371,94,73.982439
-54.057137,116,74.097991
-61.822977,106,74.218295
-77.162006,123,74.300632
-129.427001,116,74.379689
-42.090492,110,74.455251
-1.134675,121,74.547032
-105.932934,135,74.69864
-115.055254,111,74.782087
-48.939902,87,74.861089
-133.917783,114,74.942137
-25.40271,112,75.024623
-7.113557,117,75.106422
-71.194475,99,75.177705
-82.032443,103,75.2465
-68.341439,98,75.315354
-112.917624,141,75.419967
-133.015063,91,75.518227
-75.932846,100,75.630994
-129.727683,884,76.601221
-56.776131,153,76.753022
-66.690814,93,76.817383
-67.836685,73,76.868571
-71.734554,86,76.927118
8.25426,115,77.0083
-19.02535,116,77.091574
-95.474655,122,77.174004
-83.176499,113,77.254779
-81.125134,121,77.337412
-108.457543,144,77.436859
5.976233,138,77.529863
-79.684885,120,77.613661
-6.777168,129,77.704782
-118.905277,96,77.772005
-42.112259,117,77.867895
-66.240214,159,77.976026
-10.570377,204,78.117164
3.57098,144,78.242455
-28.813435,111,78.371188
-106.850075,131,78.519618
-106.816056,113,78.61044
-80.504306,119,78.690378
-145.467929,143,78.789003
-53.857882,82,78.844844
-71.887535,79,78.901723
-55.688064,99,78.97144
-56.490029,139,79.071216
-141.411764,226,79.3392
-39.166742,112,79.448767
-40.423514,142,79.551089
-89.491622,95,79.618073
-69.961616,124,79.705806
-120.382098,112,79.785778
-66.735878,88,79.846313
-76.102774,108,79.920097
-19.262896,138,80.022197
-83.906615,104,80.094754
-30.559475,99,80.162863
-85.563803,112,80.237268
-103.920766,94,80.303008
-56.865097,102,80.374052
-63.045823,132,80.466725
-128.550016,114,80.550889
7.510166,96,80.617876
-97.273516,123,81.039912
1.755973,90,81.117278
-56.455518,114,81.233826
-24.815445,77,81.319441
-63.684962,79,81.387221
-64.107801,111,81.520301
-45.157313,126,81.627705
-85.376821,125,81.733281
-93.143928,117,81.862733
-54.494759,121,81.988561
-52.033321,130,82.096922
-70.98389,91,82.165564
-52.824799,105,82.291554
-42.102049,134,82.412458
-88.893886,111,82.494437
-89.700762,154,82.600936
-106.414732,147,82.709166
-105.263948,159,82.828114
-86.663992,96,82.901049
-223.270171,197,83.108486
-20.918943,117,83.228812
-67.209322,88,83.337536
-68.15428,131,83.483947
-40.749907,130,83.615769
-44.177026,82,83.675082
-50.291723,125,83.759711
-4.940182,85,83.816528
-34.136703,77,83.872601
-46.508689,156,83.983474
-8.875279,142,84.088252
-206.321112,158,84.202199
-38.257281,135,84.297848
-55.335196,87,84.360622
-64.535784,94,84.429832
-72.560007,188,84.578068
-91.47374,81,84.636496
-55.93364,154,84.74844
-66.420057,152,84.857346
-92.227272,75,84.911021
-68.534195,116,84.993821
-210.942686,964,85.740679
-52.168656,127,85.831292
-55.203979,134,85.926476
-46.36158,108,86.021146
-39.093897,113,86.157002
-108.726365,131,86.304961
-50.357226,100,86.424377
-61.696136,104,86.523909
-64.849932,124,86.671514
-87.849278,122,86.803214
-92.187551,149,86.982758
-33.233562,179,87.147735
-59.261494,74,87.200675
-29.328422,215,87.363369
-59.339593,110,87.477558
-2.276722,115,87.557951
-47.669328,107,87.633752
-6.599061,99,87.704808
-55.330202,116,87.787599
-77.942555,149,87.895716
19.187785,110,87.976785
-123.61607,93,88.085876
-27.395964,118,88.221898
-88.250933,415,88.719307
-107.042001,71,88.801736
-78.658652,148,88.908018
-56.842877,72,88.990593
-28.993319,95,89.106903
-81.830947,92,89.211737
-37.699021,147,89.386527
-63.020435,83,89.484201
-53.230981,96,89.594893
-85.085368,102,89.716083
-36.724263,118,89.8555
-65.046915,80,89.950635
-9.435653,102,90.072414
-44.674303,109,90.983069
-92.638467,145,91.15419
-31.114695,153,91.333317
-48.607065,123,91.452135
2.9439,112,91.530432
-63.382776,105,91.60211
-50.276284,1000,92.310034
-14.49606,122,92.459777
-117.028178,121,92.599887
-32.368246,170,92.798593
-44.016123,90,92.909815
-61.664164,1000,93.899757
-30.983781,239,94.186323
-38.481653,115,94.315595
-34.619198,111,94.457482
-15.624618,184,94.676154
-69.219309,94,94.788965
17.210635,231,95.078125
-12.748417,114,95.215594
-82.885566,106,95.340838
-9.056472,97,95.414521
-79.71107,118,95.497616
-83.357523,134,95.591882
-76.093388,157,95.698565
-47.784598,127,95.789289
-104.799975,86,95.848621
-116.653605,150,95.96088
-56.452418,122,96.051826
-115.638368,120,96.164665
-42.981198,1000,97.127737
-210.129385,145,97.237973
-16.163881,136,97.342862
-143.690156,1000,98.365487
-16.718574,108,98.49975
-72.283664,212,98.671352
1.867446,165,98.789324
-6.547331,141,98.892657
1.895108,165,99.011677
-121.174688,384,99.295286
-56.509115,120,99.383014
-33.983765,1000,101.18058
16.223981,244,101.373285
-65.628386,812,102.026168
-26.127345,124,102.108627
-5.83841,135,102.239848
6.776085,223,102.469583
-7.0067,129,102.559043
-29.396953,121,102.642435
-4.308966,98,102.711624
-165.782543,1000,103.530357
-81.153274,124,103.683448
-51.888791,1000,104.492823
-91.833901,130,104.641146
-15.563699,1000,105.464874
-35.605225,1000,106.305843
-41.910471,213,106.537783
27.231323,101,106.612441
-193.389491,167,106.736262
-6.851745,155,106.850034
-78.320598,1000,107.577969
31.861655,122,107.668546
-29.350513,1000,108.607271
-184.436057,141,108.747524
-0.696388,118,108.839293
-15.362434,138,108.94067
-85.72534,251,109.126344
-83.838676,268,109.324696
-48.003569,133,110.462447
-39.23902,1000,111.236498
-4.799989,331,111.540069
-116.840414,283,111.761976
-63.877786,1000,112.479977
-8.148807,153,112.587224
-43.991898,114,112.667657
-39.668579,142,112.768674
-59.139354,120,112.852102
-105.764869,1000,113.589042
-38.807473,131,113.721138
-96.657158,127,113.810976
-40.685833,142,113.915029
-50.115277,1000,114.705928
-139.584091,1000,115.822739
-47.801721,195,115.968642
-12.526498,1000,116.801999
-67.836155,164,116.966635
-42.056534,1000,118.198243
-146.425745,1000,119.015428
-64.024648,1000,120.946328
-41.325456,1000,121.757707
-3.780107,1000,122.538975
-31.832405,1000,123.555258
-37.217265,1000,124.457351
-22.936418,162,124.577711
-187.937295,199,124.729208
-68.84862,1000,125.861993
-85.142535,1000,126.66763
-78.070145,1000,127.41732
-106.386305,859,128.06208
-55.68128,1000,129.98518
-34.235162,1000,130.811324
-67.690054,1000,131.812489
-20.657287,1000,132.574395
-39.67464,1000,133.367082
-25.445115,1000,134.123428
-12.799399,155,134.240598
-30.460688,1000,135.349776
-46.675463,1000,136.207686
-50.357812,1000,137.158681
-49.853275,1000,137.9766
-21.377937,1000,139.931624
-73.087474,1000,140.698568
-67.582683,1000,141.630275
-96.637897,1000,142.366539
-93.54637,1000,143.233294
-60.282872,1000,144.165391
-53.943037,1000,145.300018
-74.775723,1000,146.535528
-73.096876,1000,147.591066
-87.967598,1000,148.741086
-57.585147,1000,150.715545
-83.189095,1000,151.670326
-34.584724,1000,152.482838
-97.934301,1000,153.227975
-89.562905,1000,153.999099
-39.27486,1000,154.778869
-69.910385,1000,155.584707
-51.809469,1000,156.49526
-58.129559,1000,157.414881
-92.484582,1000,158.473787
-59.971872,1000,160.339875
-57.136927,1000,161.267322
-48.329016,1000,162.107394
-105.027892,1000,162.88711
-64.572163,1000,163.690687
-55.565099,1000,164.585851
-37.112783,1000,165.39309
-53.919186,1000,166.322913
-43.623478,1000,167.428312
-55.422825,1000,168.22036
-53.452001,1000,170.072014
-71.279045,1000,170.937089
-102.950523,1000,171.86085
-50.095521,1000,172.692352
-65.188314,1000,173.635854
-43.507683,1000,174.476328
-79.675345,1000,175.534163
-52.693233,1000,176.71747
-42.405607,1000,177.665296
-62.052369,1000,178.461887
-22.183269,1000,180.417673
-36.396987,1000,181.181719
-75.183981,1000,182.102789
-58.133742,1000,182.914982
-86.748635,1000,184.04051
-45.648173,1000,185.176992
-56.884758,1000,185.98479
-33.747405,1000,186.908241
-33.86975,1000,187.733096
-77.270073,1000,188.782258
-66.513582,1000,190.808475
-75.315957,1000,191.906101
-74.142235,1000,192.833677
-31.456251,1000,193.792548
-24.715687,1000,194.654569
-27.823375,1000,195.823442
-49.206085,1000,196.823054
-55.164508,1000,197.934189
-37.984892,1000,198.894141
-70.629539,1000,199.794834
-36.975344,1000,202.148115
-70.083243,1000,203.129761
-58.750545,1000,204.064083
-55.282428,1000,205.253
-29.040577,1000,206.489651
-27.571897,1000,207.46092
-47.306625,1000,208.421757
-67.922018,1000,209.386213
-23.495784,1000,210.262809
-57.876643,1000,211.271
-33.816681,1000,213.323961
-41.185563,1000,214.454213
-66.347618,1000,215.509688
-44.864989,1000,216.528572
-33.782563,1000,217.380997
-34.048106,1000,218.546669
-13.93413,1000,219.883662
-47.148151,1000,221.215993
-54.4554,1000,222.549927
-91.123244,1000,223.781637
-11.285773,1000,225.998691
-34.439341,1000,226.848089
-47.103185,1000,227.781163
-57.090924,1000,228.820198
-65.171579,1000,229.702906
-12.028096,1000,230.780688
-77.756413,1000,231.951771
-16.428128,1000,233.219065
-25.726672,1000,234.313524
-31.408762,1000,235.344825
-22.779626,1000,237.594604
-44.422943,1000,238.594281
-43.396675,1000,239.932482
-17.952443,1000,240.929512
-26.456814,1000,242.093146
-34.169679,1000,243.072745
-31.858348,1000,244.294729
-36.368358,1000,245.338272
-27.955035,1000,246.383605
-22.111173,1000,247.561766
-33.440441,1000,249.648058
-74.328202,1000,250.546298
-97.776531,1000,251.800388
-37.771828,1000,252.979804
-26.429172,1000,253.981253
-62.487916,1000,255.16713
-40.7375,1000,256.348373
-44.355684,1000,257.39759
-44.92081,1000,258.43184
-79.831421,1000,259.445081
-43.522553,1000,261.792572
-70.646947,1000,262.653416
-31.564095,1000,263.848111
-40.812675,1000,265.173692
-66.667443,1000,266.257966
-26.087421,1000,267.213159
-48.514414,1000,268.042138
-23.998185,1000,268.843342
-77.865365,1000,269.80699
-59.564481,1000,270.818967
-10.455272,1000,273.051976
-61.857149,1000,273.997893
-15.0182,1000,275.026973
-50.861167,1000,276.022352
-20.078355,1000,277.072241
-48.702203,1000,277.956895
-67.040795,1000,279.096164
-51.117521,1000,280.445124
-46.408297,1000,281.816694
-37.17841,1000,282.809585
-69.566744,1000,284.99843
-49.97987,1000,286.052528
-36.114003,1000,286.983129
-22.686513,1000,288.081043
-30.929553,1000,289.241671
-68.773789,1000,290.103062
-61.396945,1000,291.383292
-39.693945,1000,292.326056
-44.752366,1000,293.298086
-50.364333,1000,294.152411
-74.743984,1000,296.299551
-28.935516,1000,297.468126
-44.675764,1000,298.407729
-39.590117,1000,299.34525
-45.768962,1000,300.643788
-24.533395,1000,301.79459
-52.520678,1000,302.96688
-34.203178,1000,304.114989
-43.512057,1000,305.408606
-37.873168,1000,306.562306
-19.67962,1000,308.501173
-61.069646,1000,309.487696
-28.09356,1000,310.595799
-31.987099,1000,311.732801
-55.901491,1000,312.915051
-78.47477,1000,313.846863
-39.767413,1000,314.94554
-60.783507,1000,316.015412
-68.355669,1000,317.214205
-5.716136,1000,318.404699
-56.400018,1000,320.57493
-41.889031,1000,321.870329
-54.051981,1000,322.878282
-72.356648,1000,323.956432
-69.083526,1000,325.139126
-43.320304,1000,326.165308
-80.567479,1000,327.364959
-15.119011,1000,328.564272
-40.465176,1000,329.646183
-43.916375,1000,330.698613
-17.019423,1000,332.825361
-39.523417,1000,333.974716
-65.728715,1000,334.900633
-85.307963,1000,336.156836
-61.576878,1000,337.48763
-65.734475,1000,338.578732
-45.839996,1000,339.645132
-43.439105,1000,340.74882
-43.034975,1000,341.823073
-23.767267,1000,343.095412
-58.481385,1000,345.399877
-30.877188,1000,346.389987
-39.674009,1000,347.330739
-87.837179,1000,348.261291
-65.7717,1000,349.419288
-52.54273,1000,350.563807
-52.13483,1000,351.40366
-93.607001,1000,352.270231
-98.878159,1000,353.103372
-57.280032,1000,353.931514
-85.552239,1000,355.912312
-90.908591,1000,356.866299
-51.424121,1000,357.781718
-69.203414,1000,358.571847
-108.693056,1000,359.722316
-81.832684,1000,360.849608
-37.566319,1000,361.72641
-77.78504,1000,362.901114
-78.139369,1000,364.262301
-51.960985,1000,365.313676
-70.127999,1000,367.626637
-42.808365,1000,368.603579
-182.949971,599,369.214082
-44.94446,1000,370.038496
-88.45876,1000,371.28389
-43.907909,1000,372.111868
-81.620229,1000,372.983059
-31.575179,1000,374.077004
-177.946934,1000,375.059483
-206.368938,557,375.510486
-97.823648,1000,376.322024
-153.550743,289,376.563893
-126.957309,307,377.578993
-94.780672,1000,378.48052
-94.05221,1000,379.355898
-123.987997,329,379.686565
-137.772221,385,380.013714
-153.397875,415,380.577287
-157.921288,279,380.945385
-38.129488,1000,382.184832
-220.516182,496,382.605629
-120.117089,302,382.850875
-59.666471,1000,383.972074
-135.527725,323,384.238887
-128.080174,198,384.401308
-165.489435,418,384.828807
-86.320649,1000,385.730641
-69.103889,1000,386.609924
-53.327368,307,386.918865
-85.460917,1000,388.908426
-183.215704,373,389.197525
-40.372782,1000,390.199587
-129.671588,1000,391.024496
-101.130497,1000,391.993253
-109.996649,404,392.389521
-65.37141,1000,393.231012
-101.724836,1000,394.145598
-38.891871,1000,394.974632
-99.979123,1000,396.022288
-151.523088,428,396.473304
-15.914948,1000,397.551327
-60.745578,1000,399.513441
-205.752882,512,400.210002
-61.301169,1000,401.16411
-59.517955,1000,402.252712
-32.075782,1000,403.318339
-48.850397,1000,404.386626
-44.484134,1000,405.241921
-90.576788,1000,406.084918
-55.28714,1000,406.966861
-146.125109,327,407.238719
-92.19497,1000,408.103112
-83.655934,1000,410.163626
-11.836024,195,410.329552
-51.340068,1000,411.530604
-134.705691,309,411.899157
-74.786555,247,412.139889
-100.857399,1000,413.063563
-39.255622,465,413.696995
-70.493522,1000,414.792664
-129.464384,303,415.175771
-81.522206,1000,416.112557
-155.321529,1000,417.178185
-99.950128,1000,418.155368
-115.590263,311,418.415723
-99.40049,375,418.723889
-101.142501,1000,419.599771
-117.07896,1000,421.264254
-111.78385,1000,422.578192
-78.35476,274,422.892148
-45.881811,1000,424.063886
-102.756748,1000,425.276567
-110.074947,547,426.0264
-92.013956,300,426.335728
-163.917418,1000,427.633565
-159.318864,1000,428.79694
-148.603746,1000,429.651032
-159.579089,1000,430.853729
-108.422046,1000,431.836021
-137.498594,323,433.312831
-150.881023,1000,434.177449
5.209729,1000,435.216497
-169.233923,1000,436.174221
-123.636177,331,436.446987
-187.529734,1000,437.33998
-125.943063,401,437.749237
-154.065782,471,438.145292
-246.821624,995,439.089692
-170.39911,1000,440.027812
-154.11916,1000,441.29684
-284.301224,899,442.499074
-128.71956,1000,444.506367
-123.366894,1000,445.691441
-106.728721,319,446.079812
-120.299474,1000,447.243221
-133.700666,1000,448.256328
-143.646958,1000,449.155794
-92.278279,439,449.522766
-130.083155,1000,450.419499
-112.885977,516,450.910244
-130.076564,1000,451.712671
-126.948666,1000,452.785236
-119.153263,1000,453.871795
-111.192143,1000,455.850838
-105.135589,1000,456.831823
-109.824794,471,457.215333
-87.267511,1000,458.007277
-66.225895,1000,459.005198
-97.31605,1000,459.813068
-82.882221,1000,460.635236
-151.357772,565,461.12484
-129.948768,458,461.514503
-128.316359,1000,462.594856
-94.290882,1000,463.728649
-111.794605,1000,466.074461
-74.40184,1000,466.993508
-60.347432,1000,468.024129
-111.039053,1000,469.20678
-128.342006,1000,470.573614
-97.713759,1000,471.614204
-87.567946,1000,472.712897
-110.419758,1000,473.849983
-73.661745,1000,475.064098
-305.819579,947,476.205292
-247.32251,688,477.114067
-90.116988,1000,479.030337
-238.313544,592,479.714348
-208.338495,523,480.231235
-190.258486,478,480.744153
-189.66185,513,481.211061
-171.442038,390,481.687374
-105.244292,1000,483.001895
-194.007795,516,483.521326
-156.211801,431,484.053475
-31.092487,1000,485.128296
-203.696534,560,485.798951
-172.6721,343,486.216152
-160.236499,468,486.779035
-277.561882,924,487.914399
209.916912,622,488.512371
-55.583499,419,488.945403
101.48859,1000,490.783089
98.669099,584,491.437654
204.074351,673,492.2464
-36.345068,337,492.590177
-229.104604,347,492.884466
-189.318668,391,493.367949
176.289981,872,494.369204
-79.513839,201,494.648137
133.131808,611,495.34369
-91.343202,1000,496.39635
-208.80407,677,497.164203
-131.884994,1000,498.462101
159.621835,558,499.030481
99.884721,610,499.802647
-114.96887,684,500.462312
-174.008891,336,500.74084
-158.323728,364,501.051149
114.628864,440,502.271411
-57.159008,1000,503.380593
-185.511202,431,503.892429
-153.09934,431,504.4359
140.673489,381,504.757957
204.641966,518,505.206606
-64.114712,545,505.68267
-153.219592,346,505.96289
185.273146,479,506.37679
-107.288088,1000,507.691605
119.1757,472,508.344794
-321.046851,980,509.678279
-44.783827,451,510.282082
142.593112,930,511.331802
188.706146,680,511.959478
-184.181824,1000,512.800809
98.328536,940,514.662778
-34.3433,257,514.883733
231.06803,418,515.43192
166.23872,547,516.171965
-151.071269,916,517.151173
-125.58544,1000,517.981642
124.708965,805,518.717377
215.549114,614,519.321243
-14.052395,1000,520.60258
-163.450522,539,521.049096
-86.913965,1000,521.973893
-9.513041,240,522.227526
71.329377,820,523.055287
-43.904063,241,523.375873
-110.904472,409,523.913968
-168.935327,492,525.122189
233.983895,416,525.670183
-186.441937,1000,526.703351
-8.352398,1000,527.594419
146.352224,617,528.122334
225.081867,430,528.485625
-77.637811,494,528.914936
175.477437,634,529.478943
207.120469,419,529.827705
-260.832526,901,530.701656
-127.934148,701,531.272303
-58.497032,1000,532.073355
-69.614672,1000,533.113379
-72.78275,1000,534.008163
119.505308,660,535.728939
-61.026158,1000,536.592446
-67.889543,1000,537.713264
151.304114,651,538.538351
-63.059622,1000,539.766778
-41.032002,1000,541.043606
-92.280887,1000,541.956971
-85.913427,1000,543.062428
-23.203774,1000,544.182803
-39.020445,1000,545.491576
-65.388082,1000,546.520153
-70.506975,1000,548.611625
111.827505,871,549.30727
-87.208668,1000,550.20042
-82.402511,1000,551.011296
-34.930528,1000,552.096909
-35.323881,1000,553.120958
-38.284314,1000,554.19723
-73.857268,1000,555.064587
-76.332881,1000,556.145014
-251.984267,848,556.89143
-21.034227,1000,558.841002
-66.358533,1000,559.823215
-67.146683,1000,560.709044
-94.21663,1000,561.799808
-58.265841,1000,562.627394
-67.513394,1000,563.471065
-93.096256,1000,564.474289
-160.151971,530,564.913921
-68.805526,1000,565.736655
-84.645416,1000,566.748604
-32.508281,1000,568.914399
-38.052569,1000,570.198765
-57.074989,1000,571.362964
-74.486162,1000,572.529946
-64.135833,1000,573.616256
-95.22179,1000,574.915326
-66.363068,1000,576.199843
-43.920432,1000,577.400284
-70.169766,1000,578.631513
-54.436981,1000,579.880648
-110.033355,1000,582.014359
-113.773919,1000,583.288163
-70.054846,1000,584.449848
-57.894556,1000,585.43581
-52.932124,1000,586.68173
-64.49406,1000,587.659926
-79.110638,1000,588.793026
-93.566458,1000,589.654854
-47.271402,1000,590.585176
-56.49662,1000,591.819267
-78.096673,1000,593.88222
-128.265634,1000,594.904753
-86.002304,1000,595.884711
-108.519309,1000,596.780916
-55.958205,1000,597.596537
-87.707021,1000,598.410636
-64.708868,1000,599.475517
-81.849632,1000,600.542411
-72.631468,1000,601.540362
-92.285361,1000,602.648857
-153.414772,1000,604.942327
-122.609718,1000,606.072523
-102.435397,1000,606.934523
-72.060672,1000,607.898129
-54.961947,1000,609.149268
-164.812971,1000,610.197814
-60.248393,1000,611.140494
-90.716637,1000,612.36682
-60.446173,1000,613.552526
-78.291391,1000,614.765459
-105.839902,1000,616.910336
-131.216352,1000,617.90694
-85.875145,1000,618.797113
-85.768944,1000,619.675211
-92.803661,1000,620.876945
-92.020315,1000,622.021206
-57.023223,1000,623.116251
-71.586781,1000,623.931783
-44.55134,1000,624.825047
-72.316428,1000,625.782568
-108.832803,1000,627.881415
-59.841893,1000,628.75788
-120.370465,1000,629.581552
-85.075718,1000,630.475471
-103.923773,1000,631.304473
-105.062034,1000,632.173111
-146.4282,1000,633.272324
-112.15217,1000,634.12218
-137.449244,1000,634.981671
-90.287206,1000,636.350191
-73.126185,1000,638.848074
-113.661515,1000,640.090839
-153.298956,1000,641.292429
-85.120733,1000,642.367198
-28.53167,1000,643.498139
-95.234404,1000,644.564563
227.743796,504,645.227572
-121.633838,1000,646.446792
-82.738862,1000,647.597066
-70.767141,1000,648.780333
-142.590065,1000,649.71852
-82.985989,1000,651.871444
-41.090455,1000,653.043165
-88.976081,1000,654.248958
-117.130381,1000,655.461938
113.816641,877,656.462102
108.972437,949,657.444367
-45.242654,1000,658.271579
-34.294722,1000,659.104765
-93.329179,1000,659.966041
-78.479433,1000,660.916247
-30.944894,1000,663.115315
-79.747893,1000,664.117479
-47.477298,531,664.631847
-66.669401,1000,665.532742
-53.460702,1000,666.411094
112.336567,971,667.231801
-59.812994,1000,668.096385
-42.10713,1000,669.139364
35.005976,1000,670.154708
-50.425001,1000,671.225305
-42.147276,1000,673.424078
-85.369839,1000,674.459497
133.894665,976,675.630102
-45.670325,1000,676.896745
-44.116884,1000,677.929514
-47.980079,1000,679.019733
-82.271621,1000,680.028473
-46.626389,175,680.191238
-5.211299,1000,681.086871
-50.527802,1000,682.028911
232.023938,431,682.48845
-54.172239,1000,683.554808
-68.532484,1000,685.684308
-30.962807,1000,686.550491
-22.102615,1000,687.517332
-43.65297,1000,688.318102
-67.276978,1000,689.144907
-88.798472,1000,690.011573
-66.283269,1000,691.223328
-42.771466,1000,692.075576
-73.859121,1000,692.908131
-25.194987,1000,693.81272
-55.9874,1000,695.90162
-93.517793,1000,696.83687
-103.039205,1000,697.759946
-69.874349,1000,698.589724
-58.090844,1000,699.410167
-93.970594,1000,700.451345
-99.692386,1000,701.457932
-75.884381,1000,702.532316
-95.537117,1000,703.38265
-62.686273,1000,704.205121
-25.505542,1000,706.372405
-106.836074,1000,707.434958
-17.246145,176,707.632281
-85.844865,1000,708.7003
-65.021566,1000,710.024184
-66.753945,1000,710.953229
-55.602935,1000,711.794657
-57.856576,1000,712.614399
159.007636,791,713.269894
-8.950151,1000,714.140853
-83.94751,1000,715.274823
-94.030489,1000,717.451905
-77.634292,1000,718.683629
-81.536376,1000,719.766043
-99.431736,1000,721.102319
245.584841,246,721.33604
247.960649,259,721.635093
-1.561782,1000,722.884536
-100.738283,1000,724.067942
-57.787125,1000,725.164944
-57.869871,1000,726.315537
-53.044972,1000,727.535717
-53.422302,1000,729.740752
-102.90233,1000,730.988103
-26.631078,1000,732.158853
-2.058896,148,732.280298
-83.01572,1000,733.298291
-59.798236,1000,734.136286
-87.922216,1000,735.265912
-52.663806,1000,736.437376
-48.891286,1000,737.415781
-43.240022,1000,738.33767
-41.299717,1000,739.297549
-96.636068,1000,741.34907
98.578579,670,741.894046
218.14997,234,742.074355
118.237844,797,742.724212
10.178159,195,742.89179
227.009819,332,743.168436
15.59186,167,743.307127
-76.140369,1000,744.540061
-34.794891,1000,745.721375
-19.986186,1000,746.753311
47.525702,1000,747.903921
181.201575,489,748.38597
-120.757797,608,748.993327
-78.255889,1000,750.340032
-7.825982,144,750.550947
-64.222001,1000,751.678538
-73.296994,1000,753.645234
-123.364237,1000,754.542222
-44.635835,1000,755.82377
162.813866,664,756.38205
140.985337,650,757.16065
16.878596,160,757.374159
129.391582,523,757.830503
-149.893195,877,758.605714
113.78561,761,759.343016
10.874289,168,759.577595
-66.027417,584,760.343746
-63.136199,1000,761.233808
-69.014918,1000,762.123005
50.654147,1000,763.866536
-110.069084,607,764.371979
124.086526,810,765.160859
-121.494535,1000,765.986867
-73.789367,1000,766.962219
-4.570315,1000,767.790489
148.547665,863,768.576458
232.502881,350,768.952973
-61.074137,1000,769.915839
-59.168009,1000,770.867891
153.852266,404,771.199111
37.635676,1000,772.089736
240.973059,420,772.559854
102.040526,874,774.312904
22.105179,172,774.470874
-13.033791,159,774.593061
143.594761,599,775.286777
0.612022,1000,776.654466
-52.078814,1000,778.024506
-63.077993,1000,779.329724
-29.43649,1000,780.61686
128.959135,797,781.606875
229.99179,462,782.15003
265.148051,274,782.428743
-5.451594,166,782.566099
-83.89963,642,783.11499
-74.01334,1000,784.251615
-26.803018,1000,785.180911
-78.090375,1000,787.306784
-79.079376,1000,788.288009
-18.825983,1000,789.367676
223.67758,509,789.915912
-70.325724,1000,791.045653
118.810323,431,791.57849
93.677435,977,792.79071
181.810466,611,793.514576
210.087321,446,794.037677
-62.125475,1000,795.274613
-15.467272,1000,796.506485
-104.86004,1000,797.448061
-60.719463,1000,799.425817
-73.493508,1000,800.657091
-73.33683,725,801.401325
29.234203,1000,802.243388
-56.808352,1000,803.212919
-23.777845,1000,804.282224
-55.393865,1000,805.261443
-81.75406,1000,806.335757
39.730329,161,806.46815
270.455192,223,806.651482
-49.004412,1000,807.479869
-60.429839,1000,808.448858
-42.49121,1000,810.255417
-62.904822,1000,811.211834
194.165994,470,811.668079
-22.758523,1000,812.622848
-22.867265,1000,813.799754
-9.735727,1000,814.999259
-63.909001,1000,816.113995
-14.140746,1000,816.988783
-19.5799,1000,818.002354
-62.932749,1000,819.094322
-69.65366,1000,820.799242
-56.496906,191,821.060479
110.181724,851,822.133898
-1.673927,356,822.566005
-27.325365,232,822.880258
215.92831,511,823.583305
-93.708887,1000,824.71621
50.610013,147,824.848222
-50.456191,398,825.33486
-53.621491,1000,826.543165
-62.279383,1000,827.541864
-100.562836,163,827.676778
-25.232687,307,827.932119
-59.704634,1000,828.815388
-49.567363,1000,829.899659
-18.4241,480,830.320258
8.687967,1000,832.184042
-36.410378,1000,833.197233
-21.042999,1000,834.259324
-17.637594,757,834.901963
-79.202307,1000,835.842891
-52.826611,1000,837.137273
-91.347066,1000,838.100437
-92.107604,1000,838.911518
235.72225,338,839.183996
26.440423,1000,840.009331
-89.543459,1000,840.865356
163.878602,821,841.755696
-54.519898,1000,843.514727
-76.594471,1000,844.749633
-70.931955,1000,845.885042
-35.852676,1000,847.220523
-33.644829,1000,848.47094
47.349286,139,848.587379
-53.139723,244,848.785973
-33.997058,1000,849.649404
-21.136057,1000,850.66142
-34.395566,1000,851.748867
-74.36924,1000,852.737018
-58.586003,1000,854.876307
-58.813237,1000,855.85818
263.110773,426,856.250275
-30.778105,1000,857.342963
4.183939,423,857.861107
-46.999656,1000,858.840242
233.0171,428,859.366715
-75.140051,1000,860.480245
-75.305037,1000,861.690109
-55.172365,1000,862.901644
-10.941874,1000,864.135876
-44.695711,1000,865.217508
-70.517478,1000,867.556944
-48.324255,1000,868.595672
-66.158674,683,869.295412
-40.581589,1000,870.486223
-11.026086,367,870.8838
-99.573332,1000,871.995612
-47.518397,1000,872.831537
-120.873643,1000,874.088772
0.51084,1000,875.28615
-62.267407,1000,876.352048
-68.952661,1000,877.497175
-53.67949,1000,879.564889
-52.849519,1000,880.72241
-64.662544,1000,881.532697
-44.579557,1000,882.469176
-109.591126,1000,883.288134
-42.842287,395,883.622717
205.661262,270,883.861942
-60.356496,407,884.336097
-71.376615,1000,885.249393
183.763669,809,886.236086
-51.201015,1000,887.381076
-9.534201,295,887.667855
115.496494,883,888.707191
-77.897787,1000,891.300519
181.17785,551,891.849201
19.646669,163,891.998449
6.299912,150,892.136785
-138.232325,1000,893.395529
-69.052394,1000,894.832105
210.174846,454,895.40183
102.920508,859,896.433108
-46.694208,1000,897.319259
-50.324572,1000,898.187426
-52.995377,1000,899.241185
-23.592911,1000,900.449368
-15.912368,1000,901.368387
-71.50171,1000,903.03474
-35.447667,1000,903.864443
-63.052485,1000,904.874784
-95.60257,1000,905.751601
-79.18061,1000,906.747688
-50.231857,1000,907.752492
-90.110048,1000,908.78663
-26.378012,356,909.12495
-25.793691,1000,910.383834
-109.520372,909,911.434183
-42.934112,1000,913.586313
-67.931183,1000,914.868563
-112.612729,1000,916.049916
110.898167,815,916.978924
248.784362,276,917.299073
-54.858457,1000,918.235134
-39.811212,1000,919.432462
-62.631747,1000,920.491578
-1.433949,163,920.688037
14.159938,162,920.918391
-35.243231,1000,922.265088
-85.187865,1000,923.456442
-64.070243,1000,924.477892
-37.189046,1000,926.803905
-68.828639,1000,927.645808
-56.068907,1000,928.441762
-57.517314,1000,929.241837
-77.313412,499,929.657498
178.413602,545,930.282248
-128.523927,1000,931.389455
-70.506705,1000,932.38323
-67.503162,1000,933.468489
-42.827649,1000,934.293184
-45.345414,1000,935.284151
-104.85224,1000,937.368759
-179.394611,973,938.214844
-89.220024,1000,939.124341
-101.580648,1000,939.943624
-76.806477,1000,940.798937
-65.997265,1000,941.648399
-38.340103,1000,942.73475
-31.934871,1000,943.685768
-80.302613,1000,944.931787
-50.349117,1000,945.757802
-49.933056,1000,947.853938
-74.909645,1000,949.034358
-102.23486,1000,950.106757
-84.675667,1000,951.472
-76.599541,1000,952.776245
-70.731993,1000,953.879754
-95.673521,1000,954.837896
-60.827922,1000,956.02855
-74.068007,1000,956.878977
-57.222619,1000,957.712142
-40.209347,1000,959.679297
-190.412934,204,959.896349
-34.823926,1000,960.878798
-86.160335,1000,961.748551
-90.298577,1000,962.730871
-81.267765,1000,963.806131
-72.352941,1000,964.68199
-106.539801,1000,965.734691
-102.36792,1000,966.736689
-66.820721,1000,967.60415
-106.315024,1000,968.441719
-62.511583,1000,970.595173
-70.018487,1000,971.575701
-82.444012,1000,972.451818
-89.761543,1000,973.301187
-109.745311,1000,974.440644
-63.481742,1000,975.437603
-47.079895,1000,976.326009
-108.177995,305,976.579557
-62.340379,1000,977.395643
-97.968716,1000,978.204312
-23.599773,1000,980.248128
-131.156289,800,981.103141
-55.219124,1000,981.989934
-53.608207,1000,982.809195
-70.140364,1000,983.96797
-75.270804,1000,984.871751
-72.860661,198,985.09687
-74.810964,1000,986.168155
-115.212624,1000,987.289403
-62.42018,1000,988.203526
-51.497407,180,988.355417
-89.234906,1000,989.181373
-50.312372,1000,991.377876
-83.63205,1000,992.346599
-175.33373,249,992.597108
18.554621,1000,993.699626
220.297826,225,994.001854
-67.858843,1000,995.124851
-41.216149,1000,996.427958
-89.466692,1000,997.572894
245.788441,334,997.924818
-56.85901,274,998.18503
-60.465924,488,998.802434
-53.240245,1000,1000.151234
-130.497988,1000,1001.383594
-44.548627,1000,1002.699641
-55.042224,1000,1004.951223
-79.505352,1000,1006.025385
-9.418353,247,1006.348126
-35.020815,1000,1007.349242
-68.543032,1000,1008.535494
-101.123771,1000,1009.701536
-32.967573,1000,1010.718582
-20.155761,163,1010.918499
-90.298147,1000,1012.133527
-43.222468,1000,1013.469017
-94.414472,1000,1014.768724
-58.435271,195,1014.93293
-65.934807,1000,1016.89985
235.674904,610,1017.399238
-111.873697,1000,1018.566026
-92.934465,1000,1019.750564
-173.885629,343,1020.182899
-65.662477,198,1020.453301
-73.687105,1000,1021.565113
-90.078412,1000,1022.831747
-82.02665,1000,1024.184303
-91.518849,1000,1025.218613
-87.082283,477,1025.615299
-56.968799,1000,1026.684474
-58.808444,1000,1028.932959
-50.936989,1000,1030.131648
-110.63163,312,1030.479401
-87.332731,1000,1031.401598
-164.104537,958,1032.498558
-48.896571,1000,1033.716086
-68.666567,1000,1034.652421
-98.414059,1000,1035.847907
-109.750816,1000,1036.829241
-91.623518,1000,1037.913103
-57.65746,1000,1038.854666
-34.513383,1000,1040.947986
-94.934335,185,1041.139491
-91.036949,1000,1042.343188
-34.975674,1000,1043.485678
-75.942809,1000,1044.575353
-50.229922,1000,1045.569117
-10.691762,197,1045.724202
-62.450338,1000,1046.53366
-63.627064,1000,1047.604671
-63.876044,1000,1048.810193
-62.614889,1000,1049.760733
-227.717039,185,1049.999626
-47.526689,296,1050.382177
218.581232,513,1050.910767
-39.074174,1000,1052.699573
-76.886487,1000,1053.866451
-56.156884,1000,1055.234717
245.811137,278,1055.596566
-70.495728,1000,1056.657718
-180.774465,331,1057.117958
-68.509849,1000,1058.435912
-54.52137,266,1058.799534
-48.126119,1000,1059.933381
-59.731093,1000,1060.850186
-83.434048,1000,1062.050483
-59.046239,1000,1063.150722
-46.926019,1000,1065.302516
-19.299286,1000,1066.316159
-57.954101,1000,1067.435436
-169.302031,195,1067.667932
-79.051935,1000,1068.633768
-57.67999,1000,1069.919465
-47.567432,1000,1070.866613
-170.310896,201,1071.08724
-59.242076,210,1071.366225
88.740665,963,1072.490781
-47.061992,1000,1073.736221
-88.681734,1000,1074.967371
-49.669339,1000,1077.019722
231.945349,489,1077.652561
-37.697344,1000,1078.767635
-82.76931,1000,1079.65375
-73.949266,1000,1080.784265
-41.54133,1000,1081.931011
-197.108788,359,1082.401143
-62.323445,1000,1083.699474
-19.046295,1000,1084.784438
-30.332572,1000,1085.998151
-6.219926,169,1086.225985
-168.507,314,1086.619782
-52.818896,1000,1087.780345
-57.759578,1000,1089.949702
-17.508396,174,1090.183906
-66.043592,1000,1091.300601
-61.71059,1000,1092.383972
-74.109329,1000,1093.335069
-21.849141,1000,1094.386907
-148.586959,1000,1095.323832
-101.072972,1000,1096.653046
-27.960635,1000,1097.602227
-41.402962,1000,1098.656871
-114.476164,1000,1099.804492
-82.33978,1000,1101.583412
-154.016781,1000,1102.575313
222.932981,247,1102.781809
-99.62644,1000,1103.802492
-51.903495,1000,1104.757431
-193.591391,228,1105.029623
-42.859705,1000,1105.837947
-80.322431,1000,1106.670036
-21.698638,1000,1107.648189
1.151693,1000,1108.93111
-27.088688,1000,1109.768837
